name,priority,descriptions,start,end,sprintId,status,tag,topics,assigneeId,reviewerId,subtasks,complexOfDescription,sprint,projectId,project_map,sprint_map,uniId,id
Khảo sát thị trường sách,MAJOR,"<p>Nghiên cứu các đối thủ cạnh tranh, phân tích các tính năng nổi bật của website bán sách hiện có.</p>",2025-02-09,2025-02-13,sprint1_project1,DONE,THEORY,Document,21130320,21130416,Phân tích đối thủ - Xác định điểm mạnh yếu,MEDIUM,1,project1,f38f59b8-297c-4dfb-886d-e6ff1c87545f,d1e3dfdf-dfac-4693-bb79-fa08d8aad9fc,21130320,
Xác định mô hình kinh doanh B2C sách,MINOR,<p>Định hình mô hình bán lẻ sách trực tuyến từ doanh nghiệp đến khách hàng (B2C).</p>,2025-02-10,2025-02-14,sprint1_project1,DONE,THEORY,Document,21130416,21130319,Xác định khách hàng mục tiêu - Phân tích doanh thu tiềm năng,LOW,1,project1,f38f59b8-297c-4dfb-886d-e6ff1c87545f,d1e3dfdf-dfac-4693-bb79-fa08d8aad9fc,21130320,
Lập kế hoạch dự án và phân công nhóm,MAJOR,<p>Chia nhỏ các giai đoạn phát triển và phân công trách nhiệm cho từng thành viên.</p>,2025-02-11,2025-02-15,sprint1_project1,TODO,THEORY,Document,21130319,21130320,Xác định mục tiêu - Lên lịch trình,MEDIUM,1,project1,f38f59b8-297c-4dfb-886d-e6ff1c87545f,d1e3dfdf-dfac-4693-bb79-fa08d8aad9fc,21130320,
Nghiên cứu yêu cầu hệ thống website sách,MAJOR,<p>Thu thập và phân tích các yêu cầu chức năng và phi chức năng cho website bán sách.</p>,2025-02-16,2025-02-20,sprint2_project1,INPROCESS,THEORY,Document,21130319,21130320,Phỏng vấn người dùng - Tổng hợp yêu cầu,MEDIUM,2,project1,f38f59b8-297c-4dfb-886d-e6ff1c87545f,f87463f4-3d2c-49f1-9f20-a4510eb0728f,21130320,
Lựa chọn công nghệ phát triển web sách,MINOR,"<p>Đề xuất các công nghệ (ví dụ: HTML, CSS, JavaScript, database) phù hợp cho việc xây dựng website sách.</p>",2025-02-18,2025-02-22,sprint2_project1,TODO,THEORY,Document,21130320,21130416,Đánh giá framework - Lập danh sách công cụ,LOW,2,project1,f38f59b8-297c-4dfb-886d-e6ff1c87545f,f87463f4-3d2c-49f1-9f20-a4510eb0728f,21130320,
Phân tích thiết kế hệ thống cơ sở dữ liệu,MAJOR,<p>Thiết kế cấu trúc cơ sở dữ liệu (ERD) cho website bán sách.</p>,2025-02-19,2025-02-23,sprint2_project1,TODO,PRACTICE,Document,21130416,21130319,Xác định bảng - Thiết lập mối quan hệ,MEDIUM,2,project1,f38f59b8-297c-4dfb-886d-e6ff1c87545f,f87463f4-3d2c-49f1-9f20-a4510eb0728f,21130320,
Thiết kế Use Case Diagram cho website sách,MAJOR,<p>Vẽ Use Case Diagram mô tả các tương tác giữa người dùng và hệ thống website bán sách.</p>,2025-02-23,2025-03-05,sprint3_project1,INPROCESS,PRACTICE,Document,21130416,21130319,Xác định actors - Vẽ luồng nghiệp vụ,MEDIUM,3,project1,f38f59b8-297c-4dfb-886d-e6ff1c87545f,99d36620-1576-4e19-99fb-c132541b860f,21130320,
Thiết kế kiến trúc hạ tầng website sách,MINOR,"<p>Xây dựng sơ đồ kiến trúc hệ thống, bao gồm các thành phần server, database, client.</p>",2025-02-25,2025-03-07,sprint3_project1,TODO,PRACTICE,Document,21130319,21130320,Xác định máy chủ - Chọn cơ sở dữ liệu,LOW,3,project1,f38f59b8-297c-4dfb-886d-e6ff1c87545f,99d36620-1576-4e19-99fb-c132541b860f,21130320,
Phát triển giao diện trang chủ (HTML/CSS),MAJOR,<p>Xây dựng cấu trúc và định dạng cơ bản cho trang chủ của website.</p>,2025-02-26,2025-03-08,sprint3_project1,TODO,PRACTICE,HTML-CSS,21130320,21130416,Thiết kế layout - Viết CSS,MEDIUM,3,project1,f38f59b8-297c-4dfb-886d-e6ff1c87545f,99d36620-1576-4e19-99fb-c132541b860f,21130320,
Phát triển chức năng đăng nhập/đăng ký người dùng sách,MAJOR,"<p>Hiện thực chức năng đăng nhập, đăng ký và quản lý tài khoản người dùng trên website sách.</p>",2025-03-09,2025-03-13,sprint4_project1,INPROCESS,PRACTICE,Java,21130320,21130416,Thiết kế form - Xử lý authenticate,MEDIUM,4,project1,f38f59b8-297c-4dfb-886d-e6ff1c87545f,eb648995-761c-42b7-9a55-2e2a8d67acae,21130320,
Xây dựng giao diện quản lý người dùng (Admin),MAJOR,"<p>Thiết kế và hiện thực giao diện quản lý người dùng dành cho quản trị viên, bao gồm thêm, sửa, xóa người dùng.</p>",2025-03-11,2025-03-15,sprint4_project1,TODO,PRACTICE,ReactJS,21130416,21130319,Thiết kế bảng - Xử lý phân quyền,MEDIUM,4,project1,f38f59b8-297c-4dfb-886d-e6ff1c87545f,eb648995-761c-42b7-9a55-2e2a8d67acae,21130320,
Phát triển API cho quản lý người dùng,MAJOR,<p>Xây dựng các API RESTful để tương tác với cơ sở dữ liệu người dùng.</p>,2025-03-12,2025-03-16,sprint4_project1,TODO,PRACTICE,Spring,21130319,21130320,Thiết kế endpoint - Xử lý logic nghiệp vụ,MEDIUM,4,project1,f38f59b8-297c-4dfb-886d-e6ff1c87545f,eb648995-761c-42b7-9a55-2e2a8d67acae,21130320,
Hiển thị danh sách sản phẩm sách,MAJOR,"<p>Hiện thực trang hiển thị danh sách sách, có tính năng lọc theo thể loại, giá, tác giả.</p>",2025-03-16,2025-03-25,sprint5_project1,INPROCESS,PRACTICE,ReactJS-Spring,21130319,21130320,Thiết kế layout - Tích hợp API sách,MEDIUM,5,project1,f38f59b8-297c-4dfb-886d-e6ff1c87545f,f47550be-910c-44a4-b293-eab3ee6aca92,21130320,
Xem chi tiết sản phẩm sách,MAJOR,"<p>Xây dựng trang chi tiết sách, bao gồm mô tả, hình ảnh, đánh giá và bình luận.</p>",2025-03-18,2025-03-28,sprint5_project1,TODO,PRACTICE,ReactJS-Spring,21130320,21130416,Hiển thị thông tin - Thêm phần bình luận,MEDIUM,5,project1,f38f59b8-297c-4dfb-886d-e6ff1c87545f,f47550be-910c-44a4-b293-eab3ee6aca92,21130320,
Phát triển API cho quản lý sản phẩm,MAJOR,"<p>Thiết kế và hiện thực các API để quản lý thông tin sách (thêm, sửa, xóa, tìm kiếm).</p>",2025-03-20,2025-03-30,sprint5_project1,TODO,PRACTICE,Spring,21130416,21130319,Thiết kế RESTful API - Tích hợp database,MEDIUM,5,project1,f38f59b8-297c-4dfb-886d-e6ff1c87545f,f47550be-910c-44a4-b293-eab3ee6aca92,21130320,
Hiện thực chức năng giỏ hàng sách,MAJOR,"<p>Phát triển chức năng thêm, xóa, cập nhật số lượng sách trong giỏ hàng.</p>",2025-03-30,2025-04-08,sprint6_project1,INPROCESS,PRACTICE,Spring,21130416,21130319,Lưu trữ giỏ hàng - Cập nhật số lượng,MEDIUM,6,project1,f38f59b8-297c-4dfb-886d-e6ff1c87545f,f8bdf08c-c32d-4863-86b2-44a36a756fac,21130320,
Tạo và quản lý đơn hàng sách,MAJOR,"<p>Hiện thực quy trình tạo đơn hàng, ghi nhận thông tin người nhận và trạng thái đơn hàng.</p>",2025-04-01,2025-04-10,sprint6_project1,TODO,PRACTICE,Spring,21130319,21130320,Lấy địa chỉ - Ghi nhận đơn hàng,MEDIUM,6,project1,f38f59b8-297c-4dfb-886d-e6ff1c87545f,f8bdf08c-c32d-4863-86b2-44a36a756fac,21130320,
Tích hợp thanh toán online cho sách,CRITICAL,"<p>Tích hợp cổng thanh toán trực tuyến (ví dụ: Momo, ZaloPay) cho các đơn hàng sách.</p>",2025-04-03,2025-04-12,sprint6_project1,TODO,PRACTICE,Spring,21130320,21130416,Nghiên cứu API thanh toán - Test giao dịch,HIGH,6,project1,f38f59b8-297c-4dfb-886d-e6ff1c87545f,f8bdf08c-c32d-4863-86b2-44a36a756fac,21130320,
Xây dựng tính năng tìm kiếm nâng cao cho sách,MAJOR,"<p>Phát triển chức năng tìm kiếm sách theo từ khóa, tác giả, nhà xuất bản, và các bộ lọc khác.</p>",2025-04-13,2025-04-22,sprint7_project1,TODO,PRACTICE,Spring,21130416,21130319,Thiết kế thuật toán tìm kiếm - Tối ưu hiệu suất,MEDIUM,7,project1,f38f59b8-297c-4dfb-886d-e6ff1c87545f,697b373f-2d73-48e9-90d4-ab516cc7d2aa,21130320,
Phát triển chức năng quản lý kho sách,MAJOR,"<p>Xây dựng giao diện và logic để quản lý số lượng sách tồn kho, nhập xuất.</p>",2025-04-15,2025-04-24,sprint7_project1,TODO,PRACTICE,ReactJS-Spring,21130319,21130320,Thiết kế form - Xử lý cập nhật kho,MEDIUM,7,project1,f38f59b8-297c-4dfb-886d-e6ff1c87545f,697b373f-2d73-48e9-90d4-ab516cc7d2aa,21130320,
Tối ưu hóa hiệu suất website,MINOR,<p>Thực hiện các biện pháp để tăng tốc độ tải trang và phản hồi của website.</p>,2025-04-17,2025-04-26,sprint7_project1,TODO,PRACTICE,JS,21130320,21130416,Tối ưu hình ảnh - Minify code,LOW,7,project1,f38f59b8-297c-4dfb-886d-e6ff1c87545f,697b373f-2d73-48e9-90d4-ab516cc7d2aa,21130320,
Hiện thực chức năng đánh giá và bình luận sách,MAJOR,<p>Cho phép người dùng đánh giá sao và viết bình luận cho từng quyển sách.</p>,2025-04-27,2025-05-01,sprint8_project1,TODO,PRACTICE,ReactJS-Spring,21130319,21130320,Thiết kế form đánh giá - Lưu trữ bình luận,MEDIUM,8,project1,f38f59b8-297c-4dfb-886d-e6ff1c87545f,ca990a18-1ecf-4677-b4f5-ff3f9c679fe3,21130320,
Điều chỉnh giao diện người dùng (UI) website sách,MINOR,<p>Tối ưu hóa và làm đẹp giao diện các trang đã hoàn thành để nâng cao trải nghiệm người dùng.</p>,2025-04-28,2025-05-02,sprint8_project1,TODO,PRACTICE,CSS,21130320,21130416,Sửa lỗi hiển thị - Cải thiện CSS,LOW,8,project1,f38f59b8-297c-4dfb-886d-e6ff1c87545f,ca990a18-1ecf-4677-b4f5-ff3f9c679fe3,21130320,
Triển khai CI/CD cho dự án,MAJOR,<p>Thiết lập quy trình tích hợp liên tục và triển khai liên tục cho mã nguồn.</p>,2025-04-29,2025-05-03,sprint8_project1,TODO,PRACTICE,Deployment,21130416,21130319,Cấu hình Jenkins - Viết script deploy,MEDIUM,8,project1,f38f59b8-297c-4dfb-886d-e6ff1c87545f,ca990a18-1ecf-4677-b4f5-ff3f9c679fe3,21130320,
Kiểm thử toàn diện website sách,CRITICAL,"<p>Thực hiện kiểm thử chức năng, hiệu năng và bảo mật cho toàn bộ website bán sách.</p>",2025-05-04,2025-05-08,sprint9_project1,TODO,PRACTICE,Deployment,21130416,21130319,Lập kế hoạch kiểm thử - Thực hiện test case,HIGH,9,project1,f38f59b8-297c-4dfb-886d-e6ff1c87545f,4c814469-68fa-494a-9e93-90ccff9d6eaa,21130320,
Chuẩn bị tài liệu báo cáo dự án sách,MAJOR,"<p>Tạo Use Case Diagram, ERD, và các tài liệu liên quan để báo cáo dự án.</p>",2025-05-05,2025-05-09,sprint9_project1,TODO,THEORY,Document,21130319,21130320,Viết báo cáo - Chuẩn bị slide thuyết trình,MEDIUM,9,project1,f38f59b8-297c-4dfb-886d-e6ff1c87545f,4c814469-68fa-494a-9e93-90ccff9d6eaa,21130320,
Đóng gói ứng dụng với Docker,MAJOR,<p>Tạo Dockerfile và đóng gói ứng dụng web sách vào Docker image.</p>,2025-05-06,2025-05-10,sprint9_project1,TODO,PRACTICE,Docker,21130320,21130416,Viết Dockerfile - Xây dựng image,MEDIUM,9,project1,f38f59b8-297c-4dfb-886d-e6ff1c87545f,4c814469-68fa-494a-9e93-90ccff9d6eaa,21130320,
Khảo sát thị trường điện thoại,MAJOR,<p>Nghiên cứu xu hướng thị trường điện thoại và phân tích các đối thủ cạnh tranh lớn.</p>,2025-02-09,2025-02-13,sprint1_project2,DONE,THEORY,Document,21130451,21130444,Phân tích thị phần - Đánh giá chiến lược đối thủ,MEDIUM,1,project2,9d8280d3-4095-4b0a-a51d-df8cabea7248,d1e3dfdf-dfac-4693-bb79-fa08d8aad9fc,21130451,
Xác định phạm vi dự án và mục tiêu,MAJOR,<p>Định nghĩa rõ ràng các tính năng chính và mục tiêu kinh doanh của website điện thoại.</p>,2025-02-10,2025-02-14,sprint1_project2,DONE,THEORY,Document,21130444,21130509,Xác định KPIs - Lên kế hoạch sơ bộ,MEDIUM,1,project2,9d8280d3-4095-4b0a-a51d-df8cabea7248,d1e3dfdf-dfac-4693-bb79-fa08d8aad9fc,21130451,
Thiết lập môi trường phát triển ban đầu,MINOR,<p>Cài đặt các công cụ và môi trường cần thiết cho việc phát triển web.</p>,2025-02-11,2025-02-15,sprint1_project2,DONE,PRACTICE,Deployment,21130509,21130451,Cài đặt IDE - Cấu hình Git,LOW,1,project2,9d8280d3-4095-4b0a-a51d-df8cabea7248,d1e3dfdf-dfac-4693-bb79-fa08d8aad9fc,21130451,
Xác định yêu cầu chức năng web điện thoại,MAJOR,<p>Thu thập và ghi nhận các yêu cầu cụ thể cho website bán điện thoại.</p>,2025-02-16,2025-02-20,sprint2_project2,INPROCESS,THEORY,Document,21130444,21130509,Họp với bên liên quan - Lập danh sách yêu cầu,MEDIUM,2,project2,9d8280d3-4095-4b0a-a51d-df8cabea7248,f87463f4-3d2c-49f1-9f20-a4510eb0728f,21130451,
Lựa chọn kiến trúc và công nghệ Backend,MAJOR,<p>Đề xuất kiến trúc microservices và chọn framework Spring Boot cho backend.</p>,2025-02-17,2025-02-21,sprint2_project2,TODO,THEORY,Spring,21130509,21130451,Nghiên cứu kiến trúc - Đánh giá framework,MEDIUM,2,project2,9d8280d3-4095-4b0a-a51d-df8cabea7248,f87463f4-3d2c-49f1-9f20-a4510eb0728f,21130451,
Thiết kế cơ sở dữ liệu cho sản phẩm điện thoại,MAJOR,"<p>Xây dựng ERD và các schema database cho thông tin điện thoại, người dùng, đơn hàng.</p>",2025-02-19,2025-02-23,sprint2_project2,TODO,PRACTICE,Document,21130451,21130444,Xác định bảng - Quan hệ dữ liệu,MEDIUM,2,project2,9d8280d3-4095-4b0a-a51d-df8cabea7248,f87463f4-3d2c-49f1-9f20-a4510eb0728f,21130451,
Thiết kế Use Case và luồng nghiệp vụ điện thoại,MAJOR,<p>Vẽ Use Case Diagram và mô tả các luồng nghiệp vụ chính của website điện thoại.</p>,2025-02-23,2025-03-05,sprint3_project2,INPROCESS,PRACTICE,Document,21130509,21130451,Xác định kịch bản - Vẽ sơ đồ hoạt động,MEDIUM,3,project2,9d8280d3-4095-4b0a-a51d-df8cabea7248,99d36620-1576-4e19-99fb-c132541b860f,21130451,
Thiết kế giao diện người dùng cơ bản (HTML/CSS),MAJOR,"<p>Xây dựng các trang tĩnh cơ bản như trang chủ, trang giới thiệu bằng HTML và CSS.</p>",2025-02-25,2025-03-07,sprint3_project2,TODO,PRACTICE,HTML-CSS,21130451,21130444,Lên layout - Thiết kế style guide,MEDIUM,3,project2,9d8280d3-4095-4b0a-a51d-df8cabea7248,99d36620-1576-4e19-99fb-c132541b860f,21130451,
Cấu hình dự án Spring Boot ban đầu,MINOR,"<p>Khởi tạo project Spring Boot, cấu hình dependency và database connection.</p>",2025-02-27,2025-03-09,sprint3_project2,TODO,PRACTICE,Spring,21130444,21130509,Cài đặt Maven/Gradle - Cấu hình JPA,LOW,3,project2,9d8280d3-4095-4b0a-a51d-df8cabea7248,99d36620-1576-4e19-99fb-c132541b860f,21130451,
Phát triển đăng nhập/đăng ký cho người dùng,MAJOR,"<p>Xây dựng module đăng nhập, đăng ký và quản lý thông tin tài khoản người dùng.</p>",2025-03-09,2025-03-13,sprint4_project2,INPROCESS,PRACTICE,Spring,21130451,21130444,Tạo bảng user - Xử lý mã hóa mật khẩu,MEDIUM,4,project2,9d8280d3-4095-4b0a-a51d-df8cabea7248,eb648995-761c-42b7-9a55-2e2a8d67acae,21130451,
Xây dựng API quản lý người dùng (Backend),MAJOR,"<p>Phát triển các API RESTful cho việc thêm, sửa, xóa, lấy thông tin người dùng.</p>",2025-03-10,2025-03-14,sprint4_project2,TODO,PRACTICE,Spring,21130444,21130509,Thiết kế endpoint - Xử lý logic nghiệp vụ,MEDIUM,4,project2,9d8280d3-4095-4b0a-a51d-df8cabea7248,eb648995-761c-42b7-9a55-2e2a8d67acae,21130451,
Phát triển giao diện đăng nhập/đăng ký (ReactJS),MAJOR,<p>Xây dựng các component React cho trang đăng nhập và đăng ký.</p>,2025-03-12,2025-03-16,sprint4_project2,TODO,PRACTICE,ReactJS,21130509,21130451,Thiết kế form - Tích hợp API,MEDIUM,4,project2,9d8280d3-4095-4b0a-a51d-df8cabea7248,eb648995-761c-42b7-9a55-2e2a8d67acae,21130451,
Xây dựng trang danh sách sản phẩm điện thoại,MAJOR,"<p>Hiển thị danh sách các mẫu điện thoại, có chức năng lọc theo hãng, giá, cấu hình.</p>",2025-03-16,2025-03-25,sprint5_project2,INPROCESS,PRACTICE,ReactJS-Spring,21130444,21130509,Thiết kế bộ lọc - Tích hợp dữ liệu sản phẩm,MEDIUM,5,project2,9d8280d3-4095-4b0a-a51d-df8cabea7248,f47550be-910c-44a4-b293-eab3ee6aca92,21130451,
Phát triển API quản lý sản phẩm (Backend),MAJOR,"<p>Xây dựng API cho các chức năng liên quan đến sản phẩm: thêm, sửa, xóa, tìm kiếm.</p>",2025-03-18,2025-03-27,sprint5_project2,TODO,PRACTICE,Spring,21130509,21130451,Thiết kế endpoint - Xử lý logic nghiệp vụ,MEDIUM,5,project2,9d8280d3-4095-4b0a-a51d-df8cabea7248,f47550be-910c-44a4-b293-eab3ee6aca92,21130451,
Xây dựng trang chi tiết sản phẩm điện thoại,MAJOR,"<p>Hiện thực trang chi tiết sản phẩm bao gồm hình ảnh, mô tả, thông số kỹ thuật.</p>",2025-03-20,2025-03-29,sprint5_project2,TODO,PRACTICE,ReactJS,21130451,21130444,Thiết kế layout - Tích hợp API sản phẩm,MEDIUM,5,project2,9d8280d3-4095-4b0a-a51d-df8cabea7248,f47550be-910c-44a4-b293-eab3ee6aca92,21130451,
Hiện thực chức năng giỏ hàng và đặt hàng điện thoại,MAJOR,"<p>Phát triển chức năng thêm sản phẩm vào giỏ hàng, cập nhật số lượng, và tạo đơn hàng.</p>",2025-03-30,2025-04-08,sprint6_project2,INPROCESS,PRACTICE,Spring,21130509,21130451,Lưu trữ giỏ hàng - Xử lý thông tin địa chỉ,MEDIUM,6,project2,9d8280d3-4095-4b0a-a51d-df8cabea7248,f8bdf08c-c32d-4863-86b2-44a36a756fac,21130451,
Tích hợp thanh toán online cho điện thoại,CRITICAL,<p>Tích hợp các phương thức thanh toán điện tử phổ biến cho các đơn hàng điện thoại.</p>,2025-04-03,2025-04-12,sprint6_project2,TODO,PRACTICE,Spring,21130451,21130444,Kết nối API thanh toán - Kiểm tra giao dịch,HIGH,6,project2,9d8280d3-4095-4b0a-a51d-df8cabea7248,f8bdf08c-c32d-4863-86b2-44a36a756fac,21130451,
Xây dựng API cho chức năng giỏ hàng và đặt hàng,MAJOR,<p>Phát triển các API backend để quản lý giỏ hàng và xử lý đơn hàng.</p>,2025-04-05,2025-04-14,sprint6_project2,TODO,PRACTICE,Spring,21130444,21130509,Thiết kế endpoint - Xử lý logic giỏ hàng,MEDIUM,6,project2,9d8280d3-4095-4b0a-a51d-df8cabea7248,f8bdf08c-c32d-4863-86b2-44a36a756fac,21130451,
Phát triển chức năng tìm kiếm sản phẩm điện thoại,MAJOR,"<p>Hiện thực tính năng tìm kiếm sản phẩm theo từ khóa, hãng, giá.</p>",2025-04-13,2025-04-22,sprint7_project2,TODO,PRACTICE,Spring,21130451,21130444,Thiết kế thuật toán tìm kiếm - Tối ưu hiệu suất,MEDIUM,7,project2,9d8280d3-4095-4b0a-a51d-df8cabea7248,697b373f-2d73-48e9-90d4-ab516cc7d2aa,21130451,
Tối ưu hóa giao diện người dùng (UI/UX),MINOR,"<p>Cải thiện trải nghiệm người dùng, tối ưu hóa tốc độ tải trang frontend.</p>",2025-04-15,2025-04-24,sprint7_project2,TODO,PRACTICE,CSS-JS,21130444,21130509,Refactor CSS - Nén JavaScript,LOW,7,project2,9d8280d3-4095-4b0a-a51d-df8cabea7248,697b373f-2d73-48e9-90d4-ab516cc7d2aa,21130451,
Xây dựng chức năng quản lý khuyến mãi/mã giảm giá,MAJOR,<p>Phát triển API và giao diện để quản lý các chương trình khuyến mãi.</p>,2025-04-17,2025-04-26,sprint7_project2,TODO,PRACTICE,Spring-ReactJS,21130509,21130451,Thiết kế CSDL khuyến mãi - Phát triển form quản lý,MEDIUM,7,project2,9d8280d3-4095-4b0a-a51d-df8cabea7248,697b373f-2d73-48e9-90d4-ab516cc7d2aa,21130451,
Triển khai môi trường Dev/Staging với Docker,MAJOR,<p>Đóng gói ứng dụng backend và frontend vào Docker containers và triển khai trên môi trường thử nghiệm.</p>,2025-04-27,2025-05-01,sprint8_project2,TODO,PRACTICE,Docker-Deployment,21130451,21130444,Viết Dockerfile - Cấu hình Docker Compose,MEDIUM,8,project2,9d8280d3-4095-4b0a-a51d-df8cabea7248,ca990a18-1ecf-4677-b4f5-ff3f9c679fe3,21130451,
Tối ưu hóa hiệu năng cơ sở dữ liệu,MAJOR,"<p>Tối ưu các truy vấn SQL, thêm index để cải thiện tốc độ phản hồi của ứng dụng.</p>",2025-04-29,2025-05-03,sprint8_project2,TODO,PRACTICE,Java,21130444,21130509,Phân tích truy vấn chậm - Tối ưu index,MEDIUM,8,project2,9d8280d3-4095-4b0a-a51d-df8cabea7248,ca990a18-1ecf-4677-b4f5-ff3f9c679fe3,21130451,
Kiểm thử chức năng website điện thoại,MAJOR,"<p>Thực hiện kiểm thử các chức năng chính của website như đăng nhập, giỏ hàng, thanh toán.</p>",2025-05-04,2025-05-08,sprint9_project2,TODO,PRACTICE,Deployment,21130444,21130509,Lập test case - Ghi nhận lỗi,MEDIUM,9,project2,9d8280d3-4095-4b0a-a51d-df8cabea7248,4c814469-68fa-494a-9e93-90ccff9d6eaa,21130451,
Chuẩn bị tài liệu hướng dẫn sử dụng và triển khai,MAJOR,<p>Tạo tài liệu hướng dẫn cho người dùng cuối và tài liệu kỹ thuật cho việc triển khai.</p>,2025-05-05,2025-05-09,sprint9_project2,TODO,THEORY,Document,21130509,21130451,Viết hướng dẫn sử dụng - Lập tài liệu kỹ thuật,MEDIUM,9,project2,9d8280d3-4095-4b0a-a51d-df8cabea7248,4c814469-68fa-494a-9e93-90ccff9d6eaa,21130451,
Triển khai lên môi trường Production,CRITICAL,"<p>Tiến hành triển khai ứng dụng lên server production, đảm bảo hoạt động ổn định.</p>",2025-05-06,2025-05-10,sprint9_project2,TODO,PRACTICE,Deployment,21130451,21130444,Cấu hình server - Kiểm tra sau triển khai,HIGH,9,project2,9d8280d3-4095-4b0a-a51d-df8cabea7248,4c814469-68fa-494a-9e93-90ccff9d6eaa,21130451,
Phân tích thị trường đồ handmade,MAJOR,<p>Nghiên cứu thị hiếu khách hàng và các sản phẩm handmade đang thịnh hành.</p>,2025-02-09,2025-02-13,sprint1_project3,DONE,THEORY,Document,21130601,21130612,Phân tích đối tượng - Đánh giá xu hướng,MEDIUM,1,project3,eb7eb335-236d-47f6-82b6-7ae51d847898,d1e3dfdf-dfac-4693-bb79-fa08d8aad9fc,21130601,
Xác định phạm vi dự án và yêu cầu người dùng,MAJOR,<p>Định nghĩa các chức năng chính và các yêu cầu từ người dùng cho website handmade.</p>,2025-02-10,2025-02-14,sprint1_project3,DONE,THEORY,Document,21130612,21130219,Xác định Use Case - Phỏng vấn khách hàng,MEDIUM,1,project3,eb7eb335-236d-47f6-82b6-7ae51d847898,d1e3dfdf-dfac-4693-bb79-fa08d8aad9fc,21130601,
Thiết lập môi trường làm việc nhóm,MINOR,<p>Cấu hình Git Repository và các công cụ quản lý dự án cho nhóm.</p>,2025-02-11,2025-02-15,sprint1_project3,DONE,PRACTICE,Deployment,21130219,21130601,Tạo Git Repo - Cấu hình Jira/Trello,LOW,1,project3,eb7eb335-236d-47f6-82b6-7ae51d847898,d1e3dfdf-dfac-4693-bb79-fa08d8aad9fc,21130601,
Xác định yêu cầu hệ thống và công nghệ,MAJOR,"<p>Thu thập yêu cầu và lựa chọn công nghệ (front-end, back-end) phù hợp cho web handmade.</p>",2025-02-16,2025-02-20,sprint2_project3,INPROCESS,THEORY,Document,21130612,21130219,Xác định tính năng cốt lõi - Đề xuất stack công nghệ,MEDIUM,2,project3,eb7eb335-236d-47f6-82b6-7ae51d847898,f87463f4-3d2c-49f1-9f20-a4510eb0728f,21130601,
Thiết kế CSDL và lược đồ quan hệ,MAJOR,"<p>Thiết kế ERD và các bảng cơ sở dữ liệu cho sản phẩm, người dùng, đơn hàng.</p>",2025-02-17,2025-02-21,sprint2_project3,TODO,PRACTICE,Document,21130219,21130601,Vẽ ERD - Xác định khóa chính/phụ,MEDIUM,2,project3,eb7eb335-236d-47f6-82b6-7ae51d847898,f87463f4-3d2c-49f1-9f20-a4510eb0728f,21130601,
Lựa chọn và cấu hình framework Backend (NestJs),MAJOR,"<p>Khởi tạo dự án NestJs, cấu hình module, controller, service ban đầu.</p>",2025-02-18,2025-02-22,sprint2_project3,TODO,PRACTICE,NestJs,21130601,21130612,Cài đặt Nest CLI - Cấu hình TypeORM,MEDIUM,2,project3,eb7eb335-236d-47f6-82b6-7ae51d847898,f87463f4-3d2c-49f1-9f20-a4510eb0728f,21130601,
Thiết kế giao diện người dùng (UI) shop handmade,MAJOR,<p>Thiết kế wireframe và mockup cho các trang chính của website handmade.</p>,2025-02-23,2025-03-05,sprint3_project3,INPROCESS,PRACTICE,HTML-CSS,21130219,21130601,Vẽ wireframe - Tạo mockup,MEDIUM,3,project3,eb7eb335-236d-47f6-82b6-7ae51d847898,99d36620-1576-4e19-99fb-c132541b860f,21130601,
Phát triển giao diện trang chủ và header/footer,MAJOR,"<p>Code HTML và CSS cho trang chủ, các thành phần chung như header và footer.</p>",2025-02-25,2025-03-07,sprint3_project3,TODO,PRACTICE,HTML-CSS,21130601,21130612,Thiết kế responsive - Tối ưu CSS,MEDIUM,3,project3,eb7eb335-236d-47f6-82b6-7ae51d847898,99d36620-1576-4e19-99fb-c132541b860f,21130601,
Xây dựng module xác thực (Authentication) cơ bản,MAJOR,<p>Phát triển API cho chức năng đăng ký và đăng nhập người dùng.</p>,2025-02-27,2025-03-09,sprint3_project3,TODO,PRACTICE,NestJs,21130612,21130219,Thiết kế schema User - Viết API login/register,MEDIUM,3,project3,eb7eb335-236d-47f6-82b6-7ae51d847898,99d36620-1576-4e19-99fb-c132541b860f,21130601,
Hiện thực chức năng đăng nhập/đăng ký,MAJOR,"<p>Xây dựng form đăng nhập, đăng ký và logic xử lý tài khoản người dùng.</p>",2025-03-09,2025-03-13,sprint4_project3,INPROCESS,PRACTICE,NestJs,21130601,21130612,Xây dựng API authentication - Thiết kế form,MEDIUM,4,project3,eb7eb335-236d-47f6-82b6-7ae51d847898,eb648995-761c-42b7-9a55-2e2a8d67acae,21130601,
Phát triển giao diện quản lý người dùng (ReactJS),MAJOR,<p>Xây dựng các component React để hiển thị và quản lý danh sách người dùng.</p>,2025-03-11,2025-03-15,sprint4_project3,TODO,PRACTICE,ReactJS,21130612,21130219,Thiết kế bảng - Tích hợp API User,MEDIUM,4,project3,eb7eb335-236d-47f6-82b6-7ae51d847898,eb648995-761c-42b7-9a55-2e2a8d67acae,21130601,
Xây dựng API quản lý sản phẩm (Backend),MAJOR,"<p>Phát triển các API RESTful để thêm, sửa, xóa, lấy thông tin sản phẩm handmade.</p>",2025-03-13,2025-03-17,sprint4_project3,TODO,PRACTICE,NestJs,21130219,21130601,Thiết kế endpoint - Xử lý logic sản phẩm,MEDIUM,4,project3,eb7eb335-236d-47f6-82b6-7ae51d847898,eb648995-761c-42b7-9a55-2e2a8d67acae,21130601,
Xây dựng trang chi tiết sản phẩm handmade,MAJOR,<p>Hiện thực trang hiển thị thông tin chi tiết của từng sản phẩm handmade.</p>,2025-03-16,2025-03-25,sprint5_project3,INPROCESS,PRACTICE,ReactJS-NestJs,21130612,21130219,Hiển thị hình ảnh - Thêm mô tả sản phẩm,MEDIUM,5,project3,eb7eb335-236d-47f6-82b6-7ae51d847898,f47550be-910c-44a4-b293-eab3ee6aca92,21130601,
Xây dựng trang danh sách sản phẩm (Frontend),MAJOR,<p>Thiết kế và hiện thực trang hiển thị danh sách các sản phẩm handmade với bộ lọc.</p>,2025-03-18,2025-03-27,sprint5_project3,TODO,PRACTICE,ReactJS,21130219,21130601,Thiết kế layout - Tích hợp API sản phẩm,MEDIUM,5,project3,eb7eb335-236d-47f6-82b6-7ae51d847898,f47550be-910c-44a4-b293-eab3ee6aca92,21130601,
Hiện thực chức năng tìm kiếm sản phẩm,MAJOR,"<p>Phát triển tính năng tìm kiếm sản phẩm theo tên, danh mục, từ khóa.</p>",2025-03-20,2025-03-29,sprint5_project3,TODO,PRACTICE,NestJs,21130601,21130612,Thiết kế thuật toán tìm kiếm - Tích hợp frontend,MEDIUM,5,project3,eb7eb335-236d-47f6-82b6-7ae51d847898,f47550be-910c-44a4-b293-eab3ee6aca92,21130601,
Hiện thực chức năng giỏ hàng và đặt hàng,MAJOR,<p>Cho phép người dùng thêm sản phẩm vào giỏ hàng và tiến hành đặt hàng.</p>,2025-03-30,2025-04-08,sprint6_project3,INPROCESS,PRACTICE,NestJs,21130219,21130601,Lưu trữ giỏ hàng trong session - Tạo đơn hàng,MEDIUM,6,project3,eb7eb335-236d-47f6-82b6-7ae51d847898,f8bdf08c-c32d-4863-86b2-44a36a756fac,21130601,
Xây dựng API cho giỏ hàng và đơn hàng (Backend),MAJOR,<p>Phát triển các API xử lý logic thêm/xóa/cập nhật sản phẩm trong giỏ hàng và tạo đơn hàng.</p>,2025-04-01,2025-04-10,sprint6_project3,TODO,PRACTICE,NestJs,21130601,21130612,Thiết kế endpoint - Xử lý logic giỏ hàng,MEDIUM,6,project3,eb7eb335-236d-47f6-82b6-7ae51d847898,f8bdf08c-c32d-4863-86b2-44a36a756fac,21130601,
Tích hợp cổng thanh toán online,CRITICAL,<p>Kết nối website với các dịch vụ thanh toán trực tuyến (ví dụ: VNPay).</p>,2025-04-03,2025-04-12,sprint6_project3,TODO,PRACTICE,NestJs,21130612,21130219,Nghiên cứu API thanh toán - Thực hiện tích hợp,HIGH,6,project3,eb7eb335-236d-47f6-82b6-7ae51d847898,f8bdf08c-c32d-4863-86b2-44a36a756fac,21130601,
Phát triển chức năng đánh giá và bình luận sản phẩm,MAJOR,<p>Cho phép người dùng gửi đánh giá và bình luận về sản phẩm.</p>,2025-04-13,2025-04-22,sprint7_project3,TODO,PRACTICE,ReactJS-NestJs,21130219,21130601,Thiết kế form - Lưu trữ dữ liệu,MEDIUM,7,project3,eb7eb335-236d-47f6-82b6-7ae51d847898,697b373f-2d73-48e9-90d4-ab516cc7d2aa,21130601,
Xây dựng chức năng quản lý danh mục sản phẩm,MAJOR,<p>Phát triển giao diện và API để quản lý các danh mục sản phẩm handmade.</p>,2025-04-15,2025-04-24,sprint7_project3,TODO,PRACTICE,ReactJS-NestJs,21130601,21130612,Thiết kế form - Xử lý CRUD danh mục,MEDIUM,7,project3,eb7eb335-236d-47f6-82b6-7ae51d847898,697b373f-2d73-48e9-90d4-ab516cc7d2aa,21130601,
Tối ưu hóa hiệu năng ứng dụng (Front-end),MINOR,"<p>Tăng tốc độ tải trang, giảm kích thước file CSS/JS, tối ưu hình ảnh.</p>",2025-04-17,2025-04-26,sprint7_project3,TODO,PRACTICE,JS-CSS,21130612,21130219,Nén asset - Lazy loading,LOW,7,project3,eb7eb335-236d-47f6-82b6-7ae51d847898,697b373f-2d73-48e9-90d4-ab516cc7d2aa,21130601,
Triển khai CI/CD cho dự án,MAJOR,<p>Thiết lập quy trình tích hợp liên tục và triển khai tự động cho cả backend và frontend.</p>,2025-04-27,2025-05-01,sprint8_project3,TODO,PRACTICE,Deployment,21130219,21130601,Cấu hình GitHub Actions - Viết script deploy,MEDIUM,8,project3,eb7eb335-236d-47f6-82b6-7ae51d847898,ca990a18-1ecf-4677-b4f5-ff3f9c679fe3,21130601,
Đóng gói ứng dụng với Docker cho Production,MAJOR,<p>Tạo Dockerfile và Docker Compose để đóng gói và quản lý các dịch vụ ứng dụng.</p>,2025-04-29,2025-05-03,sprint8_project3,TODO,PRACTICE,Docker,21130601,21130612,Tạo Dockerfile cho FE/BE - Cấu hình Docker Compose,MEDIUM,8,project3,eb7eb335-236d-47f6-82b6-7ae51d847898,ca990a18-1ecf-4677-b4f5-ff3f9c679fe3,21130601,
Kiểm thử và sửa lỗi website handmade,MAJOR,"<p>Kiểm tra các chức năng đã phát triển, sửa các lỗi phát sinh.</p>",2025-05-04,2025-05-08,sprint9_project3,TODO,PRACTICE,Deployment,21130601,21130612,Lập bảng lỗi - Test lại chức năng,MEDIUM,9,project3,eb7eb335-236d-47f6-82b6-7ae51d847898,4c814469-68fa-494a-9e93-90ccff9d6eaa,21130601,
Chuẩn bị tài liệu báo cáo dự án cuối kỳ,MAJOR,"<p>Tổng hợp tất cả các tài liệu dự án, bao gồm báo cáo kỹ thuật, hướng dẫn sử dụng.</p>",2025-05-05,2025-05-09,sprint9_project3,TODO,THEORY,Document,21130612,21130219,Viết báo cáo tổng kết - Chuẩn bị thuyết trình,MEDIUM,9,project3,eb7eb335-236d-47f6-82b6-7ae51d847898,4c814469-68fa-494a-9e93-90ccff9d6eaa,21130601,
Triển khai hệ thống lên máy chủ Production,CRITICAL,"<p>Đưa ứng dụng lên môi trường thực tế, cấu hình tên miền và SSL.</p>",2025-05-06,2025-05-10,sprint9_project3,TODO,PRACTICE,Deployment,21130219,21130601,Cấu hình Nginx - Kiểm tra hoạt động,HIGH,9,project3,eb7eb335-236d-47f6-82b6-7ae51d847898,4c814469-68fa-494a-9e93-90ccff9d6eaa,21130601,
Phân tích thị trường nông sản sạch,MAJOR,<p>Nghiên cứu nhu cầu về nông sản hữu cơ và mô hình kinh doanh online.</p>,2025-02-09,2025-02-13,sprint1_project4,DONE,THEORY,Document,21130363,21130175,Khảo sát thị hiếu - Phân tích đối thủ,MEDIUM,1,project4,e56aedc9-6a5d-4a11-b77a-8f5dcc208469,d1e3dfdf-dfac-4693-bb79-fa08d8aad9fc,21130363,
Xác định yêu cầu nghiệp vụ và tính năng,MAJOR,<p>Thu thập và phân tích các yêu cầu chức năng cho website nông sản.</p>,2025-02-10,2025-02-14,sprint1_project4,DONE,THEORY,Document,21130175,21130171,Họp với bên liên quan - Lập danh sách yêu cầu,MEDIUM,1,project4,e56aedc9-6a5d-4a11-b77a-8f5dcc208469,d1e3dfdf-dfac-4693-bb79-fa08d8aad9fc,21130363,
Thiết lập môi trường phát triển (Backend),MINOR,"<p>Cài đặt Java JDK, Maven/Gradle, IDE và cấu hình Spring Boot project.</p>",2025-02-11,2025-02-15,sprint1_project4,DONE,PRACTICE,Deployment,21130171,21130363,Cài đặt Java - Khởi tạo Spring project,LOW,1,project4,e56aedc9-6a5d-4a11-b77a-8f5dcc208469,d1e3dfdf-dfac-4693-bb79-fa08d8aad9fc,21130363,
Lựa chọn công nghệ và nền tảng cho web nông sản,MAJOR,"<p>Đề xuất các công nghệ phù hợp (ví dụ: PHP, Node.js) và nền tảng (ví dụ: Laravel, Express) để xây dựng website.</p>",2025-02-16,2025-02-20,sprint2_project4,INPROCESS,THEORY,Document,21130175,21130171,Nghiên cứu công nghệ - Đánh giá framework,MEDIUM,2,project4,e56aedc9-6a5d-4a11-b77a-8f5dcc208469,f87463f4-3d2c-49f1-9f20-a4510eb0728f,21130363,
Thiết kế kiến trúc hệ thống tổng thể,MAJOR,"<p>Xây dựng sơ đồ kiến trúc tổng quan cho ứng dụng nông sản (client-server, database).</p>",2025-02-17,2025-02-21,sprint2_project4,TODO,THEORY,Document,21130171,21130363,Xác định các layer - Lựa chọn công nghệ,MEDIUM,2,project4,e56aedc9-6a5d-4a11-b77a-8f5dcc208469,f87463f4-3d2c-49f1-9f20-a4510eb0728f,21130363,
Thiết lập môi trường phát triển (Frontend),MINOR,"<p>Cài đặt Node.js, npm/yarn, IDE và khởi tạo dự án ReactJS.</p>",2025-02-18,2025-02-22,sprint2_project4,TODO,PRACTICE,Deployment,21130363,21130175,Cài đặt Node - Khởi tạo React App,LOW,2,project4,e56aedc9-6a5d-4a11-b77a-8f5dcc208469,f87463f4-3d2c-49f1-9f20-a4510eb0728f,21130363,
Thiết kế ERD cho hệ thống nông sản,MAJOR,<p>Vẽ Entity-Relationship Diagram (ERD) để mô tả cấu trúc cơ sở dữ liệu.</p>,2025-02-23,2025-03-05,sprint3_project4,INPROCESS,PRACTICE,Document,21130171,21130363,Xác định thực thể - Thiết lập mối quan hệ,MEDIUM,3,project4,e56aedc9-6a5d-4a11-b77a-8f5dcc208469,99d36620-1576-4e19-99fb-c132541b860f,21130363,
Phát triển giao diện trang chủ và bố cục chung,MAJOR,"<p>Xây dựng cấu trúc HTML và CSS cho trang chủ, header, footer của website.</p>",2025-02-25,2025-03-07,sprint3_project4,TODO,PRACTICE,HTML-CSS,21130363,21130175,Thiết kế layout responsive - Viết CSS cơ bản,MEDIUM,3,project4,e56aedc9-6a5d-4a11-b77a-8f5dcc208469,99d36620-1576-4e19-99fb-c132541b860f,21130363,
Xây dựng module quản lý người dùng (Backend - API),MAJOR,"<p>Phát triển các API cho chức năng đăng ký, đăng nhập và quản lý thông tin tài khoản người dùng.</p>",2025-02-27,2025-03-09,sprint3_project4,TODO,PRACTICE,Java,21130175,21130171,Thiết kế endpoint - Xử lý mã hóa mật khẩu,MEDIUM,3,project4,e56aedc9-6a5d-4a11-b77a-8f5dcc208469,99d36620-1576-4e19-99fb-c132541b860f,21130363,
Phát triển chức năng quản lý người dùng (Admin),MAJOR,<p>Hiện thực giao diện và logic quản lý tài khoản người dùng cho quản trị viên.</p>,2025-03-09,2025-03-13,sprint4_project4,INPROCESS,PRACTICE,Java,21130363,21130175,Tạo bảng admin - Thiết kế trang quản lý,MEDIUM,4,project4,e56aedc9-6a5d-4a11-b77a-8f5dcc208469,eb648995-761c-42b7-9a55-2e2a8d67acae,21130363,
Xây dựng giao diện đăng nhập/đăng ký (Frontend),MAJOR,"<p>Thiết kế và code các form đăng nhập, đăng ký sử dụng ReactJS và kết nối API.</p>",2025-03-11,2025-03-15,sprint4_project4,TODO,PRACTICE,ReactJS,21130175,21130171,Thiết kế form - Xử lý validation,MEDIUM,4,project4,e56aedc9-6a5d-4a11-b77a-8f5dcc208469,eb648995-761c-42b7-9a55-2e2a8d67acae,21130363,
Phát triển API quản lý sản phẩm (Backend),MAJOR,"<p>Xây dựng các API RESTful để thêm, sửa, xóa, lấy thông tin sản phẩm nông sản.</p>",2025-03-13,2025-03-17,sprint4_project4,TODO,PRACTICE,Java,21130171,21130363,Thiết kế endpoint - Tích hợp database,MEDIUM,4,project4,e56aedc9-6a5d-4a11-b77a-8f5dcc208469,eb648995-761c-42b7-9a55-2e2a8d67acae,21130363,
Xây dựng trang hiển thị sản phẩm nông sản,MAJOR,"<p>Thiết kế và hiện thực trang danh sách nông sản, có thể lọc theo loại, nguồn gốc.</p>",2025-03-16,2025-03-25,sprint5_project4,INPROCESS,PRACTICE,ReactJS-Java,21130175,21130171,Thiết kế UI - Tích hợp API sản phẩm,MEDIUM,5,project4,e56aedc9-6a5d-4a11-b77a-8f5dcc208469,f47550be-910c-44a4-b293-eab3ee6aca92,21130363,
Xây dựng trang chi tiết sản phẩm nông sản,MAJOR,<p>Phát triển trang hiển thị thông tin chi tiết của từng sản phẩm nông sản.</p>,2025-03-18,2025-03-27,sprint5_project4,TODO,PRACTICE,ReactJS,21130171,21130363,Thiết kế layout - Hiển thị thông tin chi tiết,MEDIUM,5,project4,e56aedc9-6a5d-4a11-b77a-8f5dcc208469,f47550be-910c-44a4-b293-eab3ee6aca92,21130363,
Hiện thực chức năng tìm kiếm sản phẩm,MAJOR,"<p>Phát triển tính năng tìm kiếm nông sản theo từ khóa, danh mục.</p>",2025-03-20,2025-03-29,sprint5_project4,TODO,PRACTICE,Java,21130363,21130175,Thiết kế thuật toán tìm kiếm - Tối ưu truy vấn,MEDIUM,5,project4,e56aedc9-6a5d-4a11-b77a-8f5dcc208469,f47550be-910c-44a4-b293-eab3ee6aca92,21130363,
Hiện thực giỏ hàng và quy trình đặt hàng,MAJOR,<p>Xây dựng chức năng giỏ hàng và quy trình tạo đơn hàng cho nông sản.</p>,2025-03-30,2025-04-08,sprint6_project4,INPROCESS,PRACTICE,Java,21130171,21130363,Quản lý session giỏ hàng - Xử lý đơn hàng,MEDIUM,6,project4,e56aedc9-6a5d-4a11-b77a-8f5dcc208469,f8bdf08c-c32d-4863-86b2-44a36a756fac,21130363,
Xây dựng API cho giỏ hàng và đơn hàng,MAJOR,"<p>Phát triển các API backend để thêm/xóa sản phẩm vào giỏ, tạo và quản lý đơn hàng.</p>",2025-04-01,2025-04-10,sprint6_project4,TODO,PRACTICE,Java,21130363,21130175,Thiết kế endpoint - Xử lý logic nghiệp vụ,MEDIUM,6,project4,e56aedc9-6a5d-4a11-b77a-8f5dcc208469,f8bdf08c-c32d-4863-86b2-44a36a756fac,21130363,
Tích hợp thanh toán online cho đơn hàng,CRITICAL,"<p>Tích hợp cổng thanh toán trực tuyến (ví dụ: VNPay, ZaloPay) cho các đơn hàng.</p>",2025-04-03,2025-04-12,sprint6_project4,TODO,PRACTICE,Java,21130175,21130171,Nghiên cứu API thanh toán - Test giao dịch,HIGH,6,project4,e56aedc9-6a5d-4a11-b77a-8f5dcc208469,f8bdf08c-c32d-4863-86b2-44a36a756fac,21130363,
Phát triển chức năng đánh giá và bình luận sản phẩm,MAJOR,<p>Cho phép người dùng đánh giá và bình luận về nông sản.</p>,2025-04-13,2025-04-22,sprint7_project4,TODO,PRACTICE,ReactJS-Java,21130171,21130363,Thiết kế form - Lưu trữ dữ liệu,MEDIUM,7,project4,e56aedc9-6a5d-4a11-b77a-8f5dcc208469,697b373f-2d73-48e9-90d4-ab516cc7d2aa,21130363,
Xây dựng module quản lý kho nông sản,MAJOR,<p>Phát triển giao diện và API để quản lý số lượng tồn kho của từng loại nông sản.</p>,2025-04-15,2025-04-24,sprint7_project4,TODO,PRACTICE,Java,21130363,21130175,Thiết kế CSDL - Phát triển form quản lý,MEDIUM,7,project4,e56aedc9-6a5d-4a11-b77a-8f5dcc208469,697b373f-2d73-48e9-90d4-ab516cc7d2aa,21130363,
Tối ưu hóa hiệu năng ứng dụng (Backend),MINOR,"<p>Tối ưu hóa các truy vấn database, caching để cải thiện tốc độ xử lý của server.</p>",2025-04-17,2025-04-26,sprint7_project4,TODO,PRACTICE,Java,21130175,21130171,Phân tích hiệu suất - Áp dụng caching,LOW,7,project4,e56aedc9-6a5d-4a11-b77a-8f5dcc208469,697b373f-2d73-48e9-90d4-ab516cc7d2aa,21130363,
Triển khai môi trường Dev/Staging với Docker,MAJOR,"<p>Đóng gói ứng dụng Spring Boot và ReactJS vào Docker containers, triển khai trên môi trường thử nghiệm.</p>",2025-04-27,2025-05-01,sprint8_project4,TODO,PRACTICE,Docker-Deployment,21130171,21130363,Viết Dockerfile - Cấu hình Docker Compose,MEDIUM,8,project4,e56aedc9-6a5d-4a11-b77a-8f5dcc208469,ca990a18-1ecf-4677-b4f5-ff3f9c679fe3,21130363,
Cấu hình CI/CD cho dự án,MAJOR,<p>Thiết lập quy trình tích hợp liên tục và triển khai liên tục cho mã nguồn.</p>,2025-04-29,2025-05-03,sprint8_project4,TODO,PRACTICE,Deployment,21130363,21130175,Cấu hình Jenkins/GitHub Actions - Tạo script deploy,MEDIUM,8,project4,e56aedc9-6a5d-4a11-b77a-8f5dcc208469,ca990a18-1ecf-4677-b4f5-ff3f9c679fe3,21130363,
Chuẩn bị tài liệu báo cáo và thuyết trình,MAJOR,"<p>Tổng hợp tài liệu dự án, bao gồm báo cáo kỹ thuật và slide thuyết trình.</p>",2025-05-05,2025-05-09,sprint9_project4,TODO,THEORY,Document,21130363,21130175,Viết báo cáo - Thiết kế slide,MEDIUM,9,project4,e56aedc9-6a5d-4a11-b77a-8f5dcc208469,4c814469-68fa-494a-9e93-90ccff9d6eaa,21130363,
Kiểm thử toàn diện hệ thống,CRITICAL,"<p>Thực hiện kiểm thử chức năng, hiệu năng, bảo mật cho toàn bộ website nông sản.</p>",2025-05-06,2025-05-10,sprint9_project4,TODO,PRACTICE,Deployment,21130175,21130171,Lập test plan - Thực hiện test case,HIGH,9,project4,e56aedc9-6a5d-4a11-b77a-8f5dcc208469,4c814469-68fa-494a-9e93-90ccff9d6eaa,21130363,
Triển khai ứng dụng lên Production Server,CRITICAL,"<p>Đưa ứng dụng lên môi trường sản phẩm thực tế, cấu hình web server và database.</p>",2025-05-07,2025-05-11,sprint9_project4,TODO,PRACTICE,Deployment,21130171,21130363,Cấu hình server - Kiểm tra cuối cùng,HIGH,9,project4,e56aedc9-6a5d-4a11-b77a-8f5dcc208469,4c814469-68fa-494a-9e93-90ccff9d6eaa,21130363,
Nghiên cứu thị trường gia dụng thông minh,MAJOR,<p>Khảo sát các sản phẩm gia dụng thông minh phổ biến và nhu cầu khách hàng.</p>,2025-02-09,2025-02-13,sprint1_project5,DONE,THEORY,Document,22130001,20130196,Phân tích xu hướng - Đánh giá đối thủ,MEDIUM,1,project5,e46bbc03-cb53-498a-8c7a-5708eaaed884,d1e3dfdf-dfac-4693-bb79-fa08d8aad9fc,22130001,
Xác định mục tiêu và phạm vi dự án,MAJOR,<p>Định nghĩa rõ ràng các tính năng cốt lõi và mục tiêu kinh doanh cho website.</p>,2025-02-10,2025-02-14,sprint1_project5,DONE,THEORY,Document,20130196,21130004,Xác định KPIs - Lên kế hoạch dự án,MEDIUM,1,project5,e46bbc03-cb53-498a-8c7a-5708eaaed884,d1e3dfdf-dfac-4693-bb79-fa08d8aad9fc,22130001,
Thiết lập môi trường phát triển (Backend),MINOR,"<p>Cài đặt Node.js, Nest CLI, IDE và khởi tạo dự án NestJs.</p>",2025-02-11,2025-02-15,sprint1_project5,DONE,PRACTICE,Deployment,21130004,22130001,Cài đặt Node - Khởi tạo Nest App,LOW,1,project5,e46bbc03-cb53-498a-8c7a-5708eaaed884,d1e3dfdf-dfac-4693-bb79-fa08d8aad9fc,22130001,
Xác định yêu cầu kỹ thuật và công nghệ,MAJOR,<p>Liệt kê các yêu cầu kỹ thuật và lựa chọn công nghệ cho website gia dụng thông minh.</p>,2025-02-16,2025-02-20,sprint2_project5,INPROCESS,THEORY,Document,20130196,21130004,Xác định tính năng - Đề xuất kiến trúc,MEDIUM,2,project5,e46bbc03-cb53-498a-8c7a-5708eaaed884,f87463f4-3d2c-49f1-9f20-a4510eb0728f,22130001,
Thiết kế cơ sở dữ liệu (ERD) cho web gia dụng,MAJOR,"<p>Xây dựng ERD và các schema database cho sản phẩm, người dùng, đơn hàng.</p>",2025-02-17,2025-02-21,sprint2_project5,TODO,PRACTICE,Document,21130004,22130001,Vẽ ERD - Xác định mối quan hệ,MEDIUM,2,project5,e46bbc03-cb53-498a-8c7a-5708eaaed884,f87463f4-3d2c-49f1-9f20-a4510eb0728f,22130001,
Thiết lập môi trường phát triển (Frontend),MINOR,"<p>Cài đặt React CLI, IDE và khởi tạo dự án ReactJS.</p>",2025-02-18,2025-02-22,sprint2_project5,TODO,PRACTICE,Deployment,22130001,20130196,Cài đặt React - Khởi tạo React App,LOW,2,project5,e46bbc03-cb53-498a-8c7a-5708eaaed884,f87463f4-3d2c-49f1-9f20-a4510eb0728f,22130001,
Thiết kế giao diện người dùng (UI/UX) cho web gia dụng,MAJOR,<p>Tạo bản vẽ giao diện người dùng và trải nghiệm người dùng cho website.</p>,2025-02-23,2025-03-05,sprint3_project5,INPROCESS,PRACTICE,HTML-CSS,21130004,22130001,Thiết kế wireframe - Tạo mockup,MEDIUM,3,project5,e46bbc03-cb53-498a-8c7a-5708eaaed884,99d36620-1576-4e19-99fb-c132541b860f,22130001,
Phát triển giao diện trang chủ và bố cục chung,MAJOR,"<p>Code HTML và CSS cho trang chủ, header, footer của website.</p>",2025-02-25,2025-03-07,sprint3_project5,TODO,PRACTICE,HTML-CSS,22130001,20130196,Thiết kế layout responsive - Viết CSS cơ bản,MEDIUM,3,project5,e46bbc03-cb53-498a-8c7a-5708eaaed884,99d36620-1576-4e19-99fb-c132541b860f,22130001,
Xây dựng module xác thực người dùng (Backend),MAJOR,"<p>Phát triển các API cho đăng ký, đăng nhập và quản lý session/token.</p>",2025-02-27,2025-03-09,sprint3_project5,TODO,PRACTICE,NestJs,20130196,21130004,Thiết kế endpoint - Xử lý mã hóa mật khẩu,MEDIUM,3,project5,e46bbc03-cb53-498a-8c7a-5708eaaed884,99d36620-1576-4e19-99fb-c132541b860f,22130001,
Phát triển chức năng đăng nhập/đăng ký,MAJOR,"<p>Hiện thực module đăng nhập, đăng ký và quản lý thông tin cá nhân.</p>",2025-03-09,2025-03-13,sprint4_project5,INPROCESS,PRACTICE,NestJs,22130001,20130196,Xây dựng form - Xử lý validation,MEDIUM,4,project5,e46bbc03-cb53-498a-8c7a-5708eaaed884,eb648995-761c-42b7-9a55-2e2a8d67acae,22130001,
Xây dựng giao diện quản lý người dùng (ReactJS),MAJOR,<p>Thiết kế và hiện thực trang quản lý người dùng cho admin (CRUD).</p>,2025-03-11,2025-03-15,sprint4_project5,TODO,PRACTICE,ReactJS,20130196,21130004,Thiết kế bảng - Tích hợp API User,MEDIUM,4,project5,e46bbc03-cb53-498a-8c7a-5708eaaed884,eb648995-761c-42b7-9a55-2e2a8d67acae,22130001,
Phát triển API quản lý sản phẩm (Backend),MAJOR,"<p>Xây dựng các API RESTful để thêm, sửa, xóa, lấy thông tin sản phẩm gia dụng.</p>",2025-03-13,2025-03-17,sprint4_project5,TODO,PRACTICE,NestJs,21130004,22130001,Thiết kế endpoint - Tích hợp database,MEDIUM,4,project5,e46bbc03-cb53-498a-8c7a-5708eaaed884,eb648995-761c-42b7-9a55-2e2a8d67acae,22130001,
Xây dựng trang danh sách sản phẩm gia dụng,MAJOR,"<p>Hiển thị danh sách sản phẩm, có chức năng lọc theo thương hiệu, giá, tính năng.</p>",2025-03-16,2025-03-25,sprint5_project5,INPROCESS,PRACTICE,ReactJS-NestJs,20130196,21130004,Thiết kế bộ lọc - Tích hợp dữ liệu sản phẩm,MEDIUM,5,project5,e46bbc03-cb53-498a-8c7a-5708eaaed884,f47550be-910c-44a4-b293-eab3ee6aca92,22130001,
Xây dựng trang chi tiết sản phẩm gia dụng,MAJOR,"<p>Hiện thực trang chi tiết sản phẩm bao gồm hình ảnh, mô tả, thông số kỹ thuật.</p>",2025-03-18,2025-03-27,sprint5_project5,TODO,PRACTICE,ReactJS,21130004,22130001,Thiết kế layout - Hiển thị thông tin chi tiết,MEDIUM,5,project5,e46bbc03-cb53-498a-8c7a-5708eaaed884,f47550be-910c-44a4-b293-eab3ee6aca92,22130001,
Hiện thực chức năng tìm kiếm sản phẩm,MAJOR,"<p>Phát triển tính năng tìm kiếm sản phẩm theo từ khóa, danh mục, thương hiệu.</p>",2025-03-20,2025-03-29,sprint5_project5,TODO,PRACTICE,NestJs,22130001,20130196,Thiết kế thuật toán tìm kiếm - Tối ưu truy vấn,MEDIUM,5,project5,e46bbc03-cb53-498a-8c7a-5708eaaed884,f47550be-910c-44a4-b293-eab3ee6aca92,22130001,
Hiện thực chức năng giỏ hàng và tạo đơn hàng,MAJOR,"<p>Phát triển chức năng thêm vào giỏ hàng, cập nhật giỏ hàng và tạo đơn hàng.</p>",2025-03-30,2025-04-08,sprint6_project5,INPROCESS,PRACTICE,NestJs,21130004,22130001,Lưu trữ giỏ hàng - Xử lý địa chỉ nhận hàng,MEDIUM,6,project5,e46bbc03-cb53-498a-8c7a-5708eaaed884,f8bdf08c-c32d-4863-86b2-44a36a756fac,22130001,
Tích hợp cổng thanh toán online,CRITICAL,"<p>Kết nối website với các cổng thanh toán phổ biến như VNPay, MoMo.</p>",2025-04-03,2025-04-12,sprint6_project5,TODO,PRACTICE,NestJs,22130001,20130196,Nghiên cứu API - Test tích hợp,HIGH,6,project5,e46bbc03-cb53-498a-8c7a-5708eaaed884,f8bdf08c-c32d-4863-86b2-44a36a756fac,22130001,
Xây dựng API cho giỏ hàng và đơn hàng,MAJOR,<p>Phát triển các API backend để xử lý logic giỏ hàng và quản lý đơn hàng.</p>,2025-04-05,2025-04-14,sprint6_project5,TODO,PRACTICE,NestJs,20130196,21130004,Thiết kế endpoint - Xử lý logic nghiệp vụ,MEDIUM,6,project5,e46bbc03-cb53-498a-8c7a-5708eaaed884,f8bdf08c-c32d-4863-86b2-44a36a756fac,22130001,
Phát triển chức năng đánh giá và bình luận sản phẩm,MAJOR,<p>Cho phép người dùng để lại đánh giá và bình luận cho từng sản phẩm.</p>,2025-04-13,2025-04-22,sprint7_project5,TODO,PRACTICE,ReactJS-NestJs,21130004,22130001,Thiết kế form - Lưu trữ dữ liệu,MEDIUM,7,project5,e46bbc03-cb53-498a-8c7a-5708eaaed884,697b373f-2d73-48e9-90d4-ab516cc7d2aa,22130001,
Xây dựng chức năng quản lý khuyến mãi/mã giảm giá,MAJOR,<p>Phát triển giao diện và API để quản lý các chương trình khuyến mãi.</p>,2025-04-15,2025-04-24,sprint7_project5,TODO,PRACTICE,NestJs,22130001,20130196,Thiết kế CSDL khuyến mãi - Phát triển form quản lý,MEDIUM,7,project5,e46bbc03-cb53-498a-8c7a-5708eaaed884,697b373f-2d73-48e9-90d4-ab516cc7d2aa,22130001,
Tối ưu hóa hiệu năng ứng dụng (Front-end),MINOR,"<p>Tăng tốc độ tải trang, giảm kích thước tài nguyên, tối ưu SEO cơ bản.</p>",2025-04-17,2025-04-26,sprint7_project5,TODO,PRACTICE,JS-CSS,20130196,21130004,Nén file - Tối ưu hình ảnh,LOW,7,project5,e46bbc03-cb53-498a-8c7a-5708eaaed884,697b373f-2d73-48e9-90d4-ab516cc7d2aa,22130001,
Triển khai môi trường Dev/Staging với Docker,MAJOR,"<p>Đóng gói ứng dụng vào Docker containers, cấu hình Docker Compose cho môi trường phát triển/thử nghiệm.</p>",2025-04-27,2025-05-01,sprint8_project5,TODO,PRACTICE,Docker-Deployment,21130004,22130001,Viết Dockerfile - Cấu hình Docker Compose,MEDIUM,8,project5,e46bbc03-cb53-498a-8c7a-5708eaaed884,ca990a18-1ecf-4677-b4f5-ff3f9c679fe3,22130001,
Cấu hình CI/CD cho dự án,MAJOR,<p>Thiết lập quy trình tích hợp liên tục và triển khai tự động cho dự án.</p>,2025-04-29,2025-05-03,sprint8_project5,TODO,PRACTICE,Deployment,22130001,20130196,Cấu hình GitHub Actions - Viết script deploy,MEDIUM,8,project5,e46bbc03-cb53-498a-8c7a-5708eaaed884,ca990a18-1ecf-4677-b4f5-ff3f9c679fe3,22130001,
Kiểm thử toàn diện hệ thống và sửa lỗi,MAJOR,"<p>Thực hiện kiểm thử các chức năng, đảm bảo hệ thống hoạt động ổn định và không có lỗi.</p>",2025-05-04,2025-05-08,sprint9_project5,TODO,PRACTICE,Deployment,20130196,21130004,Lập checklist kiểm thử - Ghi nhận bug,MEDIUM,9,project5,e46bbc03-cb53-498a-8c7a-5708eaaed884,4c814469-68fa-494a-9e93-90ccff9d6eaa,22130001,
Chuẩn bị tài liệu báo cáo dự án,MAJOR,<p>Tổng hợp các tài liệu kỹ thuật và báo cáo cuối kỳ dự án.</p>,2025-05-05,2025-05-09,sprint9_project5,TODO,THEORY,Document,21130004,22130001,Viết báo cáo tổng kết - Chuẩn bị thuyết trình,MEDIUM,9,project5,e46bbc03-cb53-498a-8c7a-5708eaaed884,4c814469-68fa-494a-9e93-90ccff9d6eaa,22130001,
Triển khai ứng dụng lên Production Server,CRITICAL,"<p>Đưa ứng dụng lên môi trường sản phẩm thực tế, cấu hình server và database.</p>",2025-05-06,2025-05-10,sprint9_project5,TODO,PRACTICE,Deployment,22130001,20130196,Cấu hình Nginx/Apache - Kiểm tra cuối cùng,HIGH,9,project5,e46bbc03-cb53-498a-8c7a-5708eaaed884,4c814469-68fa-494a-9e93-90ccff9d6eaa,22130001,
Phân tích thị trường mỹ phẩm online,MAJOR,<p>Nghiên cứu xu hướng tiêu dùng mỹ phẩm online và các đối thủ cạnh tranh.</p>,2025-02-09,2025-02-13,sprint1_project6,DONE,THEORY,Document,21130279,21130326,Khảo sát thị trường - Phân tích sản phẩm,MEDIUM,1,project6,06c5d1d3-22f5-45ac-a0fc-d8142cf1e53a,d1e3dfdf-dfac-4693-bb79-fa08d8aad9fc,21130279,
Xác định yêu cầu chức năng và phi chức năng,MAJOR,<p>Liệt kê các yêu cầu cụ thể cho website bán mỹ phẩm.</p>,2025-02-10,2025-02-14,sprint1_project6,DONE,THEORY,Document,21130326,20130237,Họp với bên liên quan - Lập danh sách yêu cầu,MEDIUM,1,project6,06c5d1d3-22f5-45ac-a0fc-d8142cf1e53a,d1e3dfdf-dfac-4693-bb79-fa08d8aad9fc,21130279,
Thiết lập môi trường phát triển (Backend),MINOR,"<p>Cài đặt Java JDK, Maven/Gradle, IDE và cấu hình Spring Boot project.</p>",2025-02-11,2025-02-15,sprint1_project6,DONE,PRACTICE,Deployment,20130237,21130279,Cài đặt Java - Khởi tạo Spring project,LOW,1,project6,06c5d1d3-22f5-45ac-a0fc-d8142cf1e53a,d1e3dfdf-dfac-4693-bb79-fa08d8aad9fc,21130279,
Lựa chọn công nghệ và thiết kế kiến trúc,MAJOR,<p>Xác định công nghệ phát triển và thiết kế kiến trúc hệ thống cho web mỹ phẩm.</p>,2025-02-16,2025-02-20,sprint2_project6,INPROCESS,THEORY,Document,21130326,20130237,Đề xuất công nghệ - Thiết kế kiến trúc tổng thể,MEDIUM,2,project6,06c5d1d3-22f5-45ac-a0fc-d8142cf1e53a,f87463f4-3d2c-49f1-9f20-a4510eb0728f,21130279,
Thiết kế Use Case Diagram cho hệ thống mỹ phẩm,MAJOR,<p>Vẽ Use Case Diagram mô tả các tương tác giữa người dùng và hệ thống.</p>,2025-02-17,2025-02-21,sprint2_project6,TODO,PRACTICE,Document,20130237,21130279,Xác định actors - Vẽ luồng nghiệp vụ,MEDIUM,2,project6,06c5d1d3-22f5-45ac-a0fc-d8142cf1e53a,f87463f4-3d2c-49f1-9f20-a4510eb0728f,21130279,
Thiết lập môi trường phát triển (Frontend),MINOR,"<p>Cài đặt Node.js, npm/yarn, IDE và khởi tạo dự án ReactJS.</p>",2025-02-18,2025-02-22,sprint2_project6,TODO,PRACTICE,Deployment,21130279,21130326,Cài đặt Node - Khởi tạo React App,LOW,2,project6,06c5d1d3-22f5-45ac-a0fc-d8142cf1e53a,f87463f4-3d2c-49f1-9f20-a4510eb0728f,21130279,
Thiết kế ERD và cơ sở dữ liệu mỹ phẩm,MAJOR,<p>Xây dựng ERD và thiết kế cấu trúc bảng cơ sở dữ liệu cho website mỹ phẩm.</p>,2025-02-23,2025-03-05,sprint3_project6,INPROCESS,PRACTICE,Document,20130237,21130279,Thiết kế schema - Tạo bảng,MEDIUM,3,project6,06c5d1d3-22f5-45ac-a0fc-d8142cf1e53a,99d36620-1576-4e19-99fb-c132541b860f,21130279,
Phát triển giao diện trang chủ và bố cục chung,MAJOR,"<p>Code HTML và CSS cho trang chủ, header, footer của website mỹ phẩm.</p>",2025-02-25,2025-03-07,sprint3_project6,TODO,PRACTICE,HTML-CSS,21130279,21130326,Thiết kế layout responsive - Viết CSS cơ bản,MEDIUM,3,project6,06c5d1d3-22f5-45ac-a0fc-d8142cf1e53a,99d36620-1576-4e19-99fb-c132541b860f,21130279,
Xây dựng module xác thực người dùng (Backend),MAJOR,"<p>Phát triển các API cho đăng ký, đăng nhập và quản lý token.</p>",2025-02-27,2025-03-09,sprint3_project6,TODO,PRACTICE,Java,21130326,20130237,Thiết kế endpoint - Xử lý mã hóa mật khẩu,MEDIUM,3,project6,06c5d1d3-22f5-45ac-a0fc-d8142cf1e53a,99d36620-1576-4e19-99fb-c132541b860f,21130279,
Phát triển chức năng phân quyền người dùng,MAJOR,"<p>Hiện thực các vai trò người dùng (khách hàng, admin, đối tác) và quản lý phân quyền.</p>",2025-03-09,2025-03-13,sprint4_project6,INPROCESS,PRACTICE,Java,21130279,21130326,Xây dựng bảng quyền - Xử lý quyền truy cập,MEDIUM,4,project6,06c5d1d3-22f5-45ac-a0fc-d8142cf1e53a,eb648995-761c-42b7-9a55-2e2a8d67acae,21130279,
Xây dựng giao diện đăng nhập/đăng ký (Frontend),MAJOR,"<p>Thiết kế và code các form đăng nhập, đăng ký sử dụng ReactJS và kết nối API.</p>",2025-03-11,2025-03-15,sprint4_project6,TODO,PRACTICE,ReactJS,21130326,20130237,Thiết kế form - Xử lý validation,MEDIUM,4,project6,06c5d1d3-22f5-45ac-a0fc-d8142cf1e53a,eb648995-761c-42b7-9a55-2e2a8d67acae,21130279,
Phát triển API quản lý sản phẩm (Backend),MAJOR,"<p>Xây dựng các API RESTful để thêm, sửa, xóa, lấy thông tin sản phẩm mỹ phẩm.</p>",2025-03-13,2025-03-17,sprint4_project6,TODO,PRACTICE,Java,20130237,21130279,Thiết kế endpoint - Tích hợp database,MEDIUM,4,project6,06c5d1d3-22f5-45ac-a0fc-d8142cf1e53a,eb648995-761c-42b7-9a55-2e2a8d67acae,21130279,
Xây dựng trang quản lý sản phẩm (Admin),MAJOR,<p>Thiết kế và hiện thực giao diện quản lý sản phẩm mỹ phẩm cho quản trị viên.</p>,2025-03-16,2025-03-25,sprint5_project6,INPROCESS,PRACTICE,ReactJS-Java,21130326,20130237,Thiết kế form - Xử lý CRUD sản phẩm,MEDIUM,5,project6,06c5d1d3-22f5-45ac-a0fc-d8142cf1e53a,f47550be-910c-44a4-b293-eab3ee6aca92,21130279,
Xây dựng trang hiển thị danh sách sản phẩm,MAJOR,"<p>Hiện thực trang hiển thị danh sách mỹ phẩm, có chức năng lọc theo loại, thương hiệu.</p>",2025-03-18,2025-03-27,sprint5_project6,TODO,PRACTICE,ReactJS,20130237,21130279,Thiết kế UI - Tích hợp API sản phẩm,MEDIUM,5,project6,06c5d1d3-22f5-45ac-a0fc-d8142cf1e53a,f47550be-910c-44a4-b293-eab3ee6aca92,21130279,
Xây dựng trang chi tiết sản phẩm mỹ phẩm,MAJOR,<p>Phát triển trang hiển thị thông tin chi tiết của từng sản phẩm mỹ phẩm.</p>,2025-03-20,2025-03-29,sprint5_project6,TODO,PRACTICE,ReactJS,21130279,21130326,Thiết kế layout - Hiển thị thông tin chi tiết,MEDIUM,5,project6,06c5d1d3-22f5-45ac-a0fc-d8142cf1e53a,f47550be-910c-44a4-b293-eab3ee6aca92,21130279,
Hiện thực trang giỏ hàng và thanh toán,MAJOR,<p>Xây dựng chức năng giỏ hàng và tích hợp quy trình thanh toán cho đơn hàng mỹ phẩm.</p>,2025-03-30,2025-04-08,sprint6_project6,INPROCESS,PRACTICE,Java,20130237,21130279,Lưu trữ sản phẩm trong giỏ - Xử lý thanh toán,MEDIUM,6,project6,06c5d1d3-22f5-45ac-a0fc-d8142cf1e53a,f8bdf08c-c32d-4863-86b2-44a36a756fac,21130279,
Xây dựng API cho giỏ hàng và đơn hàng,MAJOR,"<p>Phát triển các API backend để thêm/xóa sản phẩm vào giỏ, tạo và quản lý đơn hàng.</p>",2025-04-01,2025-04-10,sprint6_project6,TODO,PRACTICE,Java,21130279,21130326,Thiết kế endpoint - Xử lý logic nghiệp vụ,MEDIUM,6,project6,06c5d1d3-22f5-45ac-a0fc-d8142cf1e53a,f8bdf08c-c32d-4863-86b2-44a36a756fac,21130279,
Tích hợp cổng thanh toán online,CRITICAL,"<p>Tích hợp cổng thanh toán trực tuyến (ví dụ: Stripe, PayPal) cho các đơn hàng.</p>",2025-04-03,2025-04-12,sprint6_project6,TODO,PRACTICE,Java,21130326,20130237,Nghiên cứu API thanh toán - Test giao dịch,HIGH,6,project6,06c5d1d3-22f5-45ac-a0fc-d8142cf1e53a,f8bdf08c-c32d-4863-86b2-44a36a756fac,21130279,
Phát triển chức năng tìm kiếm và lọc sản phẩm,MAJOR,"<p>Hiện thực tính năng tìm kiếm sản phẩm theo từ khóa, danh mục, và các bộ lọc khác.</p>",2025-04-13,2025-04-22,sprint7_project6,TODO,PRACTICE,ReactJS-Java,20130237,21130279,Thiết kế thuật toán tìm kiếm - Tích hợp frontend,MEDIUM,7,project6,06c5d1d3-22f5-45ac-a0fc-d8142cf1e53a,697b373f-2d73-48e9-90d4-ab516cc7d2aa,21130279,
Xây dựng chức năng quản lý khuyến mãi/mã giảm giá,MAJOR,<p>Phát triển giao diện và API để quản lý các chương trình khuyến mãi cho mỹ phẩm.</p>,2025-04-15,2025-04-24,sprint7_project6,TODO,PRACTICE,Java,21130279,21130326,Thiết kế CSDL khuyến mãi - Phát triển form quản lý,MEDIUM,7,project6,06c5d1d3-22f5-45ac-a0fc-d8142cf1e53a,697b373f-2d73-48e9-90d4-ab516cc7d2aa,21130279,
Tối ưu hóa hiệu năng ứng dụng (Backend),MINOR,"<p>Tối ưu hóa các truy vấn database, áp dụng caching để cải thiện tốc độ xử lý của server.</p>",2025-04-17,2025-04-26,sprint7_project6,TODO,PRACTICE,Java,21130326,20130237,Phân tích hiệu suất - Áp dụng caching,LOW,7,project6,06c5d1d3-22f5-45ac-a0fc-d8142cf1e53a,697b373f-2d73-48e9-90d4-ab516cc7d2aa,21130279,
Hoàn thiện chức năng đánh giá và bình luận sản phẩm,MAJOR,<p>Cho phép người dùng để lại đánh giá và bình luận về các sản phẩm mỹ phẩm.</p>,2025-04-27,2025-05-01,sprint8_project6,TODO,PRACTICE,ReactJS-Java,21130279,21130326,Thiết kế form - Lưu trữ bình luận,MEDIUM,8,project6,06c5d1d3-22f5-45ac-a0fc-d8142cf1e53a,ca990a18-1ecf-4677-b4f5-ff3f9c679fe3,21130279,
Cấu hình CI/CD cho dự án,MAJOR,<p>Thiết lập quy trình tích hợp liên tục và triển khai liên tục cho mã nguồn.</p>,2025-04-29,2025-05-03,sprint8_project6,TODO,PRACTICE,Deployment,21130326,20130237,Cấu hình Jenkins/GitHub Actions - Tạo script deploy,MEDIUM,8,project6,06c5d1d3-22f5-45ac-a0fc-d8142cf1e53a,ca990a18-1ecf-4677-b4f5-ff3f9c679fe3,21130279,
Đóng gói ứng dụng với Docker,MAJOR,<p>Tạo Dockerfile và đóng gói ứng dụng web mỹ phẩm vào Docker image.</p>,2025-04-30,2025-05-04,sprint8_project6,TODO,PRACTICE,Docker,20130237,21130279,Viết Dockerfile - Xây dựng image,MEDIUM,8,project6,06c5d1d3-22f5-45ac-a0fc-d8142cf1e53a,ca990a18-1ecf-4677-b4f5-ff3f9c679fe3,21130279,
Kiểm thử toàn diện hệ thống,CRITICAL,"<p>Thực hiện kiểm thử chức năng, hiệu năng, bảo mật cho toàn bộ website mỹ phẩm.</p>",2025-05-04,2025-05-08,sprint9_project6,TODO,PRACTICE,Deployment,21130279,21130326,Lập test plan - Thực hiện test case,HIGH,9,project6,06c5d1d3-22f5-45ac-a0fc-d8142cf1e53a,4c814469-68fa-494a-9e93-90ccff9d6eaa,21130279,
Chuẩn bị báo cáo dự án và thuyết trình,MAJOR,<p>Tổng hợp các tài liệu kỹ thuật và chuẩn bị bài thuyết trình cuối kỳ.</p>,2025-05-05,2025-05-09,sprint9_project6,TODO,THEORY,Document,21130326,20130237,Viết báo cáo - Luyện tập thuyết trình,MEDIUM,9,project6,06c5d1d3-22f5-45ac-a0fc-d8142cf1e53a,4c814469-68fa-494a-9e93-90ccff9d6eaa,21130279,
Triển khai lên môi trường Production,CRITICAL,"<p>Tiến hành triển khai ứng dụng lên server production, đảm bảo hoạt động ổn định.</p>",2025-05-06,2025-05-10,sprint9_project6,TODO,PRACTICE,Deployment,20130237,21130279,Cấu hình server - Kiểm tra sau triển khai,HIGH,9,project6,06c5d1d3-22f5-45ac-a0fc-d8142cf1e53a,4c814469-68fa-494a-9e93-90ccff9d6eaa,21130279,
Khảo sát thị trường đồ ăn vặt online,MAJOR,<p>Nghiên cứu các đối thủ cạnh tranh và xu hướng tiêu dùng đồ ăn vặt online.</p>,2025-02-09,2025-02-13,sprint1_project7,DONE,THEORY,Document,21130335,21130304,Phân tích thị trường - Đánh giá nhu cầu,MEDIUM,1,project7,3c96f87e-1519-4a23-a051-aef88e1e4faf,d1e3dfdf-dfac-4693-bb79-fa08d8aad9fc,21130335,
Xác định phạm vi dự án và mục tiêu kinh doanh,MAJOR,<p>Định nghĩa rõ ràng các tính năng chính và mục tiêu của website đồ ăn vặt.</p>,2025-02-10,2025-02-14,sprint1_project7,DONE,THEORY,Document,21130304,21130309,Xác định KPIs - Lên kế hoạch sơ bộ,MEDIUM,1,project7,3c96f87e-1519-4a23-a051-aef88e1e4faf,d1e3dfdf-dfac-4693-bb79-fa08d8aad9fc,21130335,
Thiết lập môi trường phát triển ban đầu,MINOR,<p>Cài đặt các công cụ và môi trường cần thiết cho việc phát triển web.</p>,2025-02-11,2025-02-15,sprint1_project7,DONE,PRACTICE,Deployment,21130309,21130335,Cài đặt IDE - Cấu hình Git,LOW,1,project7,3c96f87e-1519-4a23-a051-aef88e1e4faf,d1e3dfdf-dfac-4693-bb79-fa08d8aad9fc,21130335,
Xác định yêu cầu chức năng và công nghệ,MAJOR,<p>Liệt kê các yêu cầu chức năng cho website đồ ăn vặt và lựa chọn công nghệ phát triển.</p>,2025-02-16,2025-02-20,sprint2_project7,INPROCESS,THEORY,Document,21130304,21130309,Xác định tính năng cốt lõi - Đề xuất stack công nghệ,MEDIUM,2,project7,3c96f87e-1519-4a23-a051-aef88e1e4faf,f87463f4-3d2c-49f1-9f20-a4510eb0728f,21130335,
Thiết kế cơ sở dữ liệu (ERD) cho website đồ ăn vặt,MAJOR,"<p>Xây dựng ERD và các schema database cho thông tin món ăn, người dùng, đơn hàng.</p>",2025-02-17,2025-02-21,sprint2_project7,TODO,PRACTICE,Document,21130309,21130335,Vẽ ERD - Xác định bảng - Quan hệ dữ liệu,MEDIUM,2,project7,3c96f87e-1519-4a23-a051-aef88e1e4faf,f87463f4-3d2c-49f1-9f20-a4510eb0728f,21130335,
Lựa chọn và cấu hình framework Backend (Spring),MAJOR,"<p>Khởi tạo dự án Spring Boot, cấu hình dependency và database connection.</p>",2025-02-18,2025-02-22,sprint2_project7,TODO,PRACTICE,Spring,21130335,21130304,Cài đặt Maven/Gradle - Cấu hình JPA,MEDIUM,2,project7,3c96f87e-1519-4a23-a051-aef88e1e4faf,f87463f4-3d2c-49f1-9f20-a4510eb0728f,21130335,
Thiết kế Wireframe và Mockup cho web đồ ăn vặt,MAJOR,<p>Vẽ sơ đồ khung và bản mẫu giao diện cho website bán đồ ăn vặt.</p>,2025-02-23,2025-03-05,sprint3_project7,INPROCESS,PRACTICE,HTML-CSS,21130309,21130335,Thiết kế luồng người dùng - Tạo bản nháp UI,MEDIUM,3,project7,3c96f87e-1519-4a23-a051-aef88e1e4faf,99d36620-1576-4e19-99fb-c132541b860f,21130335,
Phát triển giao diện trang chủ và bố cục chung,MAJOR,"<p>Code HTML và CSS cho trang chủ, header, footer của website.</p>",2025-02-25,2025-03-07,sprint3_project7,TODO,PRACTICE,HTML-CSS,21130335,21130304,Lên layout - Thiết kế style guide,MEDIUM,3,project7,3c96f87e-1519-4a23-a051-aef88e1e4faf,99d36620-1576-4e19-99fb-c132541b860f,21130335,
Xây dựng module xác thực người dùng (Backend - API),MAJOR,"<p>Phát triển các API cho chức năng đăng ký, đăng nhập và quản lý tài khoản người dùng.</p>",2025-02-27,2025-03-09,sprint3_project7,TODO,PRACTICE,Spring,21130304,21130309,Thiết kế endpoint - Xử lý mã hóa mật khẩu,MEDIUM,3,project7,3c96f87e-1519-4a23-a051-aef88e1e4faf,99d36620-1576-4e19-99fb-c132541b860f,21130335,
Phát triển chức năng đăng nhập/đăng ký,MAJOR,"<p>Hiện thực chức năng đăng nhập, đăng ký và quản lý profile người dùng.</p>",2025-03-09,2025-03-13,sprint4_project7,INPROCESS,PRACTICE,Spring,21130335,21130304,Xây dựng API authentication - Thiết kế form đăng ký,MEDIUM,4,project7,3c96f87e-1519-4a23-a051-aef88e1e4faf,eb648995-761c-42b7-9a55-2e2a8d67acae,21130335,
Xây dựng giao diện quản lý người dùng (ReactJS),MAJOR,<p>Thiết kế và hiện thực trang quản lý người dùng cho admin (CRUD).</p>,2025-03-11,2025-03-15,sprint4_project7,TODO,PRACTICE,ReactJS,21130304,21130309,Thiết kế bảng - Tích hợp API User,MEDIUM,4,project7,3c96f87e-1519-4a23-a051-aef88e1e4faf,eb648995-761c-42b7-9a55-2e2a8d67acae,21130335,
Phát triển API quản lý món ăn (Backend),MAJOR,"<p>Xây dựng các API RESTful để thêm, sửa, xóa, lấy thông tin món ăn.</p>",2025-03-13,2025-03-17,sprint4_project7,TODO,PRACTICE,Spring,21130309,21130335,Thiết kế endpoint - Tích hợp database,MEDIUM,4,project7,3c96f87e-1519-4a23-a051-aef88e1e4faf,eb648995-761c-42b7-9a55-2e2a8d67acae,21130335,
Xây dựng trang hiển thị menu và chi tiết món ăn,MAJOR,<p>Hiện thực trang hiển thị danh sách các món ăn vặt và trang chi tiết từng món.</p>,2025-03-16,2025-03-25,sprint5_project7,INPROCESS,PRACTICE,ReactJS-Spring,21130304,21130309,Thiết kế menu - Thêm thông tin món ăn,MEDIUM,5,project7,3c96f87e-1519-4a23-a051-aef88e1e4faf,f47550be-910c-44a4-b293-eab3ee6aca92,21130335,
Hiện thực chức năng tìm kiếm và lọc món ăn,MAJOR,"<p>Phát triển tính năng tìm kiếm món ăn theo tên, loại, giá.</p>",2025-03-18,2025-03-27,sprint5_project7,TODO,PRACTICE,Spring,21130309,21130335,Thiết kế thuật toán tìm kiếm - Tối ưu hiệu suất,MEDIUM,5,project7,3c96f87e-1519-4a23-a051-aef88e1e4faf,f47550be-910c-44a4-b293-eab3ee6aca92,21130335,
Xây dựng giao diện giỏ hàng (Frontend),MAJOR,"<p>Thiết kế và hiện thực trang giỏ hàng, hiển thị danh sách món ăn đã chọn.</p>",2025-03-20,2025-03-29,sprint5_project7,TODO,PRACTICE,ReactJS,21130335,21130304,Thiết kế layout - Hiển thị sản phẩm,MEDIUM,5,project7,3c96f87e-1519-4a23-a051-aef88e1e4faf,f47550be-910c-44a4-b293-eab3ee6aca92,21130335,
Hiện thực chức năng giỏ hàng và đặt hàng,MAJOR,<p>Xây dựng chức năng thêm món vào giỏ hàng và quy trình đặt hàng online.</p>,2025-03-30,2025-04-08,sprint6_project7,INPROCESS,PRACTICE,Spring,21130309,21130335,Quản lý trạng thái giỏ hàng - Xử lý thông tin giao hàng,MEDIUM,6,project7,3c96f87e-1519-4a23-a051-aef88e1e4faf,f8bdf08c-c32d-4863-86b2-44a36a756fac,21130335,
Tích hợp thanh toán online cho đơn hàng ăn vặt,CRITICAL,<p>Tích hợp các cổng thanh toán trực tuyến cho website đồ ăn vặt.</p>,2025-04-03,2025-04-12,sprint6_project7,TODO,PRACTICE,Spring,21130335,21130304,Nghiên cứu API thanh toán - Test giao dịch,HIGH,6,project7,3c96f87e-1519-4a23-a051-aef88e1e4faf,f8bdf08c-c32d-4863-86b2-44a36a756fac,21130335,
Xây dựng API cho giỏ hàng và đặt hàng,MAJOR,<p>Phát triển các API backend để quản lý giỏ hàng và xử lý đơn hàng.</p>,2025-04-05,2025-04-14,sprint6_project7,TODO,PRACTICE,Spring,21130304,21130309,Thiết kế endpoint - Xử lý logic giỏ hàng,MEDIUM,6,project7,3c96f87e-1519-4a23-a051-aef88e1e4faf,f8bdf08c-c32d-4863-86b2-44a36a756fac,21130335,
Phát triển chức năng đánh giá và bình luận món ăn,MAJOR,<p>Cho phép người dùng đánh giá và bình luận về các món ăn.</p>,2025-04-13,2025-04-22,sprint7_project7,TODO,PRACTICE,ReactJS-Spring,21130309,21130335,Thiết kế form - Lưu trữ dữ liệu,MEDIUM,7,project7,3c96f87e-1519-4a23-a051-aef88e1e4faf,697b373f-2d73-48e9-90d4-ab516cc7d2aa,21130335,
Xây dựng chức năng quản lý khuyến mãi/mã giảm giá,MAJOR,<p>Phát triển giao diện và API để quản lý các chương trình khuyến mãi.</p>,2025-04-15,2025-04-24,sprint7_project7,TODO,PRACTICE,Spring,21130335,21130304,Thiết kế CSDL khuyến mãi - Phát triển form quản lý,MEDIUM,7,project7,3c96f87e-1519-4a23-a051-aef88e1e4faf,697b373f-2d73-48e9-90d4-ab516cc7d2aa,21130335,
Tối ưu hóa hiệu năng ứng dụng (Frontend),MINOR,"<p>Tăng tốc độ tải trang, giảm kích thước tài nguyên, tối ưu SEO cơ bản.</p>",2025-04-17,2025-04-26,sprint7_project7,TODO,PRACTICE,JS-CSS,21130304,21130309,Nén file - Tối ưu hình ảnh,LOW,7,project7,3c96f87e-1519-4a23-a051-aef88e1e4faf,697b373f-2d73-48e9-90d4-ab516cc7d2aa,21130335,
Triển khai môi trường Dev/Staging với Docker,MAJOR,"<p>Đóng gói ứng dụng vào Docker containers, cấu hình Docker Compose cho môi trường phát triển/thử nghiệm.</p>",2025-04-27,2025-05-01,sprint8_project7,TODO,PRACTICE,Docker-Deployment,21130309,21130335,Viết Dockerfile - Cấu hình Docker Compose,MEDIUM,8,project7,3c96f87e-1519-4a23-a051-aef88e1e4faf,ca990a18-1ecf-4677-b4f5-ff3f9c679fe3,21130335,
Cấu hình CI/CD cho dự án,MAJOR,<p>Thiết lập quy trình tích hợp liên tục và triển khai tự động cho dự án.</p>,2025-04-29,2025-05-03,sprint8_project7,TODO,PRACTICE,Deployment,21130335,21130304,Cấu hình GitHub Actions - Viết script deploy,MEDIUM,8,project7,3c96f87e-1519-4a23-a051-aef88e1e4faf,ca990a18-1ecf-4677-b4f5-ff3f9c679fe3,21130335,
Kiểm thử và tối ưu hiệu suất,MAJOR,<p>Kiểm thử các chức năng và tối ưu hóa hiệu suất website để đảm bảo trải nghiệm tốt.</p>,2025-05-04,2025-05-08,sprint9_project7,TODO,PRACTICE,Deployment,21130304,21130309,Lập kế hoạch kiểm thử - Tối ưu mã nguồn,MEDIUM,9,project7,3c96f87e-1519-4a23-a051-aef88e1e4faf,4c814469-68fa-494a-9e93-90ccff9d6eaa,21130335,
Chuẩn bị tài liệu báo cáo dự án cuối kỳ,MAJOR,"<p>Tổng hợp tất cả các tài liệu dự án, bao gồm báo cáo kỹ thuật, hướng dẫn sử dụng.</p>",2025-05-05,2025-05-09,sprint9_project7,TODO,THEORY,Document,21130309,21130335,Viết báo cáo tổng kết - Chuẩn bị thuyết trình,MEDIUM,9,project7,3c96f87e-1519-4a23-a051-aef88e1e4faf,4c814469-68fa-494a-9e93-90ccff9d6eaa,21130335,
Triển khai ứng dụng lên Production Server,CRITICAL,"<p>Đưa ứng dụng lên môi trường sản phẩm thực tế, cấu hình server và database.</p>",2025-05-06,2025-05-10,sprint9_project7,TODO,PRACTICE,Deployment,21130335,21130304,Cấu hình Nginx/Apache - Kiểm tra cuối cùng,HIGH,9,project7,3c96f87e-1519-4a23-a051-aef88e1e4faf,4c814469-68fa-494a-9e93-90ccff9d6eaa,21130335,
Phân tích thị trường quần áo trẻ em,MAJOR,<p>Nghiên cứu xu hướng thời trang trẻ em và phân tích các đối thủ cạnh tranh.</p>,2025-02-09,2025-02-13,sprint1_project8,DONE,THEORY,Document,20130224,20130225,Khảo sát thị hiếu - Đánh giá phân khúc khách hàng,MEDIUM,1,project8,bfa62a05-7f26-404c-b8b0-6b9de5919faf,d1e3dfdf-dfac-4693-bb79-fa08d8aad9fc,20130224,
Xác định mục tiêu và yêu cầu người dùng,MAJOR,<p>Định nghĩa rõ ràng các tính năng chính và các yêu cầu từ người dùng cho website quần áo trẻ em.</p>,2025-02-10,2025-02-14,sprint1_project8,DONE,THEORY,Document,20130225,21130042,Xác định Use Case - Phỏng vấn khách hàng,MEDIUM,1,project8,bfa62a05-7f26-404c-b8b0-6b9de5919faf,d1e3dfdf-dfac-4693-bb79-fa08d8aad9fc,20130224,
Thiết lập môi trường phát triển ban đầu,MINOR,<p>Cài đặt các công cụ và môi trường cần thiết cho việc phát triển web.</p>,2025-02-11,2025-02-15,sprint1_project8,DONE,PRACTICE,Deployment,21130042,20130224,Cài đặt IDE - Cấu hình Git,LOW,1,project8,bfa62a05-7f26-404c-b8b0-6b9de5919faf,d1e3dfdf-dfac-4693-bb79-fa08d8aad9fc,20130224,
Xác định yêu cầu hệ thống và lựa chọn công nghệ,MAJOR,"<p>Liệt kê các yêu cầu chức năng và phi chức năng, chọn công nghệ phù định.</p>",2025-02-16,2025-02-20,sprint2_project8,INPROCESS,THEORY,Document,20130225,21130042,Xác định tính năng - Đề xuất công nghệ,MEDIUM,2,project8,bfa62a05-7f26-404c-b8b0-6b9de5919faf,f87463f4-3d2c-49f1-9f20-a4510eb0728f,20130224,
Thiết kế kiến trúc hệ thống tổng thể,MAJOR,"<p>Xây dựng sơ đồ kiến trúc tổng quan cho ứng dụng (client-server, database).</p>",2025-02-17,2025-02-21,sprint2_project8,TODO,THEORY,Document,21130042,20130224,Xác định các layer - Lựa chọn công nghệ,MEDIUM,2,project8,bfa62a05-7f26-404c-b8b0-6b9de5919faf,f87463f4-3d2c-49f1-9f20-a4510eb0728f,20130224,
Thiết kế cơ sở dữ liệu (ERD) cho web quần áo,MAJOR,"<p>Xây dựng ERD và các schema database cho thông tin quần áo, người dùng, đơn hàng.</p>",2025-02-19,2025-02-23,sprint2_project8,TODO,PRACTICE,Document,20130224,20130225,Vẽ ERD - Xác định bảng - Quan hệ dữ liệu,MEDIUM,2,project8,bfa62a05-7f26-404c-b8b0-6b9de5919faf,f87463f4-3d2c-49f1-9f20-a4510eb0728f,20130224,
Thiết kế Use Case Diagram và ERD,MAJOR,<p>Vẽ Use Case Diagram và ERD cho website quần áo trẻ em.</p>,2025-02-23,2025-03-05,sprint3_project8,INPROCESS,PRACTICE,Document,21130042,20130224,Xác định các tác nhân - Thiết kế CSDL,MEDIUM,3,project8,bfa62a05-7f26-404c-b8b0-6b9de5919faf,99d36620-1576-4e19-99fb-c132541b860f,20130224,
Phát triển giao diện trang chủ và bố cục chung,MAJOR,"<p>Code HTML và CSS cho trang chủ, header, footer của website.</p>",2025-02-25,2025-03-07,sprint3_project8,TODO,PRACTICE,HTML-CSS,20130224,20130225,Thiết kế layout responsive - Viết CSS cơ bản,MEDIUM,3,project8,bfa62a05-7f26-404c-b8b0-6b9de5919faf,99d36620-1576-4e19-99fb-c132541b860f,20130224,
Xây dựng module xác thực người dùng (Backend),MAJOR,"<p>Phát triển các API cho chức năng đăng ký, đăng nhập và quản lý token.</p>",2025-02-27,2025-03-09,sprint3_project8,TODO,PRACTICE,NestJs,20130225,21130042,Thiết kế endpoint - Xử lý mã hóa mật khẩu,MEDIUM,3,project8,bfa62a05-7f26-404c-b8b0-6b9de5919faf,99d36620-1576-4e19-99fb-c132541b860f,20130224,
Phát triển chức năng đăng nhập/đăng ký/phân quyền,MAJOR,"<p>Hiện thực module đăng nhập, đăng ký và quản lý phân quyền cho các vai trò.</p>",2025-03-09,2025-03-13,sprint4_project8,INPROCESS,PRACTICE,NestJs,20130224,20130225,Thiết kế cơ chế authentication - Xử lý quyền truy cập,MEDIUM,4,project8,bfa62a05-7f26-404c-b8b0-6b9de5919faf,eb648995-761c-42b7-9a55-2e2a8d67acae,20130224,
Xây dựng giao diện đăng nhập/đăng ký (ReactJS),MAJOR,"<p>Thiết kế và code các form đăng nhập, đăng ký sử dụng ReactJS và kết nối API.</p>",2025-03-11,2025-03-15,sprint4_project8,TODO,PRACTICE,ReactJS,20130225,21130042,Thiết kế form - Xử lý validation,MEDIUM,4,project8,bfa62a05-7f26-404c-b8b0-6b9de5919faf,eb648995-761c-42b7-9a55-2e2a8d67acae,20130224,
Phát triển API quản lý sản phẩm (Backend),MAJOR,"<p>Xây dựng các API RESTful để thêm, sửa, xóa, lấy thông tin sản phẩm quần áo.</p>",2025-03-13,2025-03-17,sprint4_project8,TODO,PRACTICE,NestJs,21130042,20130224,Thiết kế endpoint - Tích hợp database,MEDIUM,4,project8,bfa62a05-7f26-404c-b8b0-6b9de5919faf,eb648995-761c-42b7-9a55-2e2a8d67acae,20130224,
Xây dựng trang hiển thị sản phẩm theo độ tuổi/giới tính,MAJOR,"<p>Thiết kế và hiện thực trang danh sách quần áo, có lọc theo độ tuổi và giới tính.</p>",2025-03-16,2025-03-25,sprint5_project8,INPROCESS,PRACTICE,ReactJS-NestJs,20130225,21130042,Thiết kế bộ lọc - Tích hợp dữ liệu sản phẩm,MEDIUM,5,project8,bfa62a05-7f26-404c-b8b0-6b9de5919faf,f47550be-910c-44a4-b293-eab3ee6aca92,20130224,
Xây dựng trang chi tiết sản phẩm quần áo,MAJOR,<p>Phát triển trang hiển thị thông tin chi tiết của từng sản phẩm quần áo.</p>,2025-03-18,2025-03-27,sprint5_project8,TODO,PRACTICE,ReactJS,21130042,20130224,Thiết kế layout - Hiển thị thông tin chi tiết,MEDIUM,5,project8,bfa62a05-7f26-404c-b8b0-6b9de5919faf,f47550be-910c-44a4-b293-eab3ee6aca92,20130224,
Hiện thực chức năng tìm kiếm sản phẩm,MAJOR,"<p>Phát triển tính năng tìm kiếm quần áo theo từ khóa, danh mục, độ tuổi.</p>",2025-03-20,2025-03-29,sprint5_project8,TODO,PRACTICE,NestJs,20130224,20130225,Thiết kế thuật toán tìm kiếm - Tối ưu truy vấn,MEDIUM,5,project8,bfa62a05-7f26-404c-b8b0-6b9de5919faf,f47550be-910c-44a4-b293-eab3ee6aca92,20130224,
Hiện thực chức năng giỏ hàng và đặt hàng,MAJOR,<p>Xây dựng chức năng giỏ hàng và quy trình tạo đơn hàng cho quần áo trẻ em.</p>,2025-03-30,2025-04-08,sprint6_project8,INPROCESS,PRACTICE,NestJs,21130042,20130224,Quản lý sản phẩm trong giỏ - Xử lý thông tin đặt hàng,MEDIUM,6,project8,bfa62a05-7f26-404c-b8b0-6b9de5919faf,f8bdf08c-c32d-4863-86b2-44a36a756fac,20130224,
Xây dựng API cho giỏ hàng và đơn hàng,MAJOR,"<p>Phát triển các API backend để thêm/xóa sản phẩm vào giỏ, tạo và quản lý đơn hàng.</p>",2025-04-01,2025-04-10,sprint6_project8,TODO,PRACTICE,NestJs,20130224,20130225,Thiết kế endpoint - Xử lý logic nghiệp vụ,MEDIUM,6,project8,bfa62a05-7f26-404c-b8b0-6b9de5919faf,f8bdf08c-c32d-4863-86b2-44a36a756fac,20130224,
Tích hợp cổng thanh toán online,CRITICAL,"<p>Tích hợp cổng thanh toán trực tuyến (ví dụ: VNPay, MoMo) cho các đơn hàng.</p>",2025-04-03,2025-04-12,sprint6_project8,TODO,PRACTICE,NestJs,20130225,21130042,Nghiên cứu API thanh toán - Test giao dịch,HIGH,6,project8,bfa62a05-7f26-404c-b8b0-6b9de5919faf,f8bdf08c-c32d-4863-86b2-44a36a756fac,20130224,
Phát triển chức năng đánh giá và bình luận sản phẩm,MAJOR,<p>Cho phép người dùng đánh giá và bình luận về quần áo.</p>,2025-04-13,2025-04-22,sprint7_project8,TODO,PRACTICE,ReactJS-NestJs,21130042,20130224,Thiết kế form - Lưu trữ dữ liệu,MEDIUM,7,project8,bfa62a05-7f26-404c-b8b0-6b9de5919faf,697b373f-2d73-48e9-90d4-ab516cc7d2aa,20130224,
Xây dựng chức năng quản lý khuyến mãi/mã giảm giá,MAJOR,<p>Phát triển giao diện và API để quản lý các chương trình khuyến mãi.</p>,2025-04-15,2025-04-24,sprint7_project8,TODO,PRACTICE,NestJs,20130224,20130225,Thiết kế CSDL khuyến mãi - Phát triển form quản lý,MEDIUM,7,project8,bfa62a05-7f26-404c-b8b0-6b9de5919faf,697b373f-2d73-48e9-90d4-ab516cc7d2aa,20130224,
Tối ưu hóa hiệu năng ứng dụng (Frontend),MINOR,"<p>Tăng tốc độ tải trang, giảm kích thước tài nguyên, tối ưu SEO cơ bản.</p>",2025-04-17,2025-04-26,sprint7_project8,TODO,PRACTICE,JS-CSS,20130225,21130042,Nén file - Tối ưu hình ảnh,LOW,7,project8,bfa62a05-7f26-404c-b8b0-6b9de5919faf,697b373f-2d73-48e9-90d4-ab516cc7d2aa,20130224,
Hoàn thiện các trang giới thiệu và liên hệ,MINOR,<p>Bổ sung các trang giới thiệu về cửa hàng và thông tin liên hệ.</p>,2025-04-27,2025-05-01,sprint8_project8,TODO,PRACTICE,HTML-CSS,20130224,20130225,Thiết kế layout - Viết nội dung,LOW,8,project8,bfa62a05-7f26-404c-b8b0-6b9de5919faf,ca990a18-1ecf-4677-b4f5-ff3f9c679fe3,20130224,
Triển khai môi trường Dev/Staging với Docker,MAJOR,"<p>Đóng gói ứng dụng vào Docker containers, cấu hình Docker Compose cho môi trường phát triển/thử nghiệm.</p>",2025-04-29,2025-05-03,sprint8_project8,TODO,PRACTICE,Docker-Deployment,20130225,21130042,Viết Dockerfile - Cấu hình Docker Compose,MEDIUM,8,project8,bfa62a05-7f26-404c-b8b0-6b9de5919faf,ca990a18-1ecf-4677-b4f5-ff3f9c679fe3,20130224,
Cấu hình CI/CD cho dự án,MAJOR,<p>Thiết lập quy trình tích hợp liên tục và triển khai tự động cho dự án.</p>,2025-04-30,2025-05-04,sprint8_project8,TODO,PRACTICE,Deployment,21130042,20130224,Cấu hình GitHub Actions - Viết script deploy,MEDIUM,8,project8,bfa62a05-7f26-404c-b8b0-6b9de5919faf,ca990a18-1ecf-4677-b4f5-ff3f9c679fe3,20130224,
Kiểm thử toàn bộ hệ thống và chuẩn bị báo cáo,MAJOR,"<p>Kiểm thử chức năng, hiệu suất và chuẩn bị tài liệu báo cáo cuối kỳ.</p>",2025-05-04,2025-05-08,sprint9_project8,TODO,PRACTICE,Deployment-Document,20130225,21130042,Lập kế hoạch kiểm thử - Soạn thảo báo cáo,MEDIUM,9,project8,bfa62a05-7f26-404c-b8b0-6b9de5919faf,4c814469-68fa-494a-9e93-90ccff9d6eaa,20130224,
Triển khai ứng dụng lên Production Server,CRITICAL,"<p>Đưa ứng dụng lên môi trường sản phẩm thực tế, cấu hình server và database.</p>",2025-05-06,2025-05-10,sprint9_project8,TODO,PRACTICE,Deployment,21130042,20130224,Cấu hình Nginx/Apache - Kiểm tra cuối cùng,HIGH,9,project8,bfa62a05-7f26-404c-b8b0-6b9de5919faf,4c814469-68fa-494a-9e93-90ccff9d6eaa,20130224,
Phân tích thị trường phụ kiện thời trang,MAJOR,<p>Nghiên cứu xu hướng phụ kiện và phân tích các cửa hàng online hiện có.</p>,2025-02-09,2025-02-13,sprint1_project9,DONE,THEORY,Document,21130359,21130386,Khảo sát nhu cầu - Đánh giá đối thủ,MEDIUM,1,project9,daec2a76-8f5f-4fba-9b2a-cda40eb4cfb5,d1e3dfdf-dfac-4693-bb79-fa08d8aad9fc,21130359,
Xác định mục tiêu và phạm vi dự án,MAJOR,<p>Định nghĩa rõ ràng các tính năng cốt lõi và mục tiêu kinh doanh cho website.</p>,2025-02-10,2025-02-14,sprint1_project9,DONE,THEORY,Document,21130386,21130367,Xác định KPIs - Lên kế hoạch dự án,MEDIUM,1,project9,daec2a76-8f5f-4fba-9b2a-cda40eb4cfb5,d1e3dfdf-dfac-4693-bb79-fa08d8aad9fc,21130359,
Thiết lập môi trường phát triển ban đầu,MINOR,<p>Cài đặt các công cụ và môi trường cần thiết cho việc phát triển web.</p>,2025-02-11,2025-02-15,sprint1_project9,DONE,PRACTICE,Deployment,21130367,21130359,Cài đặt IDE - Cấu hình Git,LOW,1,project9,daec2a76-8f5f-4fba-9b2a-cda40eb4cfb5,d1e3dfdf-dfac-4693-bb79-fa08d8aad9fc,21130359,
Xác định yêu cầu và công nghệ phát triển,MAJOR,<p>Liệt kê các yêu cầu chức năng và lựa chọn công nghệ cho web phụ kiện.</p>,2025-02-16,2025-02-20,sprint2_project9,INPROCESS,THEORY,Document,21130386,21130367,Xác định tính năng cốt lõi - Đề xuất công nghệ,MEDIUM,2,project9,daec2a76-8f5f-4fba-9b2a-cda40eb4cfb5,f87463f4-3d2c-49f1-9f20-a4510eb0728f,21130359,
Thiết kế cơ sở dữ liệu (ERD) cho web phụ kiện,MAJOR,"<p>Xây dựng ERD và các schema database cho sản phẩm, người dùng, đơn hàng.</p>",2025-02-17,2025-02-21,sprint2_project9,TODO,PRACTICE,Document,21130367,21130359,Vẽ ERD - Xác định mối quan hệ,MEDIUM,2,project9,daec2a76-8f5f-4fba-9b2a-cda40eb4cfb5,f87463f4-3d2c-49f1-9f20-a4510eb0728f,21130359,
Lựa chọn và cấu hình framework Backend (Spring),MAJOR,"<p>Khởi tạo dự án Spring Boot, cấu hình dependency và database connection.</p>",2025-02-18,2025-02-22,sprint2_project9,TODO,PRACTICE,Spring,21130359,21130386,Cài đặt Maven/Gradle - Cấu hình JPA,MEDIUM,2,project9,daec2a76-8f5f-4fba-9b2a-cda40eb4cfb5,f87463f4-3d2c-49f1-9f20-a4510eb0728f,21130359,
Thiết kế giao diện người dùng (UI) shop phụ kiện,MAJOR,<p>Tạo wireframe và mockup cho các trang chính của website phụ kiện.</p>,2025-02-23,2025-03-05,sprint3_project9,INPROCESS,PRACTICE,HTML-CSS,21130367,21130359,Vẽ wireframe - Tạo mockup,MEDIUM,3,project9,daec2a76-8f5f-4fba-9b2a-cda40eb4cfb5,99d36620-1576-4e19-99fb-c132541b860f,21130359,
Phát triển giao diện trang chủ và bố cục chung,MAJOR,"<p>Code HTML và CSS cho trang chủ, header, footer của website.</p>",2025-02-25,2025-03-07,sprint3_project9,TODO,PRACTICE,HTML-CSS,21130359,21130386,Thiết kế layout responsive - Viết CSS cơ bản,MEDIUM,3,project9,daec2a76-8f5f-4fba-9b2a-cda40eb4cfb5,99d36620-1576-4e19-99fb-c132541b860f,21130359,
Xây dựng module xác thực người dùng (Backend),MAJOR,"<p>Phát triển các API cho chức năng đăng ký, đăng nhập và quản lý token.</p>",2025-02-27,2025-03-09,sprint3_project9,TODO,PRACTICE,Spring,21130386,21130367,Thiết kế endpoint - Xử lý mã hóa mật khẩu,MEDIUM,3,project9,daec2a76-8f5f-4fba-9b2a-cda40eb4cfb5,99d36620-1576-4e19-99fb-c132541b860f,21130359,
Hiện thực chức năng đăng nhập/đăng ký/profile,MAJOR,"<p>Xây dựng module đăng nhập, đăng ký và quản lý thông tin cá nhân của người dùng.</p>",2025-03-09,2025-03-13,sprint4_project9,INPROCESS,PRACTICE,Spring,21130359,21130386,Thiết kế form - Xử lý dữ liệu người dùng,MEDIUM,4,project9,daec2a76-8f5f-4fba-9b2a-cda40eb4cfb5,eb648995-761c-42b7-9a55-2e2a8d67acae,21130359,
Xây dựng giao diện quản lý người dùng (ReactJS),MAJOR,<p>Thiết kế và hiện thực trang quản lý người dùng cho admin (CRUD).</p>,2025-03-11,2025-03-15,sprint4_project9,TODO,PRACTICE,ReactJS,21130386,21130367,Thiết kế bảng - Tích hợp API User,MEDIUM,4,project9,daec2a76-8f5f-4fba-9b2a-cda40eb4cfb5,eb648995-761c-42b7-9a55-2e2a8d67acae,21130359,
Phát triển API quản lý sản phẩm (Backend),MAJOR,"<p>Xây dựng các API RESTful để thêm, sửa, xóa, lấy thông tin sản phẩm phụ kiện.</p>",2025-03-13,2025-03-17,sprint4_project9,TODO,PRACTICE,Spring,21130367,21130359,Thiết kế endpoint - Tích hợp database,MEDIUM,4,project9,daec2a76-8f5f-4fba-9b2a-cda40eb4cfb5,eb648995-761c-42b7-9a55-2e2a8d67acae,21130359,
Xây dựng trang hiển thị sản phẩm với hình ảnh chất lượng,MAJOR,"<p>Thiết kế và hiện thực trang danh sách phụ kiện, chú trọng hiển thị hình ảnh đẹp.</p>",2025-03-16,2025-03-25,sprint5_project9,INPROCESS,PRACTICE,ReactJS-Spring,21130386,21130367,Tối ưu hiển thị hình ảnh - Tích hợp API sản phẩm,MEDIUM,5,project9,daec2a76-8f5f-4fba-9b2a-cda40eb4cfb5,f47550be-910c-44a4-b293-eab3ee6aca92,21130359,
Xây dựng trang chi tiết sản phẩm phụ kiện,MAJOR,<p>Phát triển trang hiển thị thông tin chi tiết của từng sản phẩm phụ kiện.</p>,2025-03-18,2025-03-27,sprint5_project9,TODO,PRACTICE,ReactJS,21130367,21130359,Thiết kế layout - Hiển thị thông tin chi tiết,MEDIUM,5,project9,daec2a76-8f5f-4fba-9b2a-cda40eb4cfb5,f47550be-910c-44a4-b293-eab3ee6aca92,21130359,
Hiện thực chức năng tìm kiếm và lọc sản phẩm,MAJOR,"<p>Phát triển tính năng tìm kiếm sản phẩm theo từ khóa, danh mục, và các bộ lọc khác.</p>",2025-03-20,2025-03-29,sprint5_project9,TODO,PRACTICE,Spring,21130359,21130386,Thiết kế thuật toán tìm kiếm - Tối ưu truy vấn,MEDIUM,5,project9,daec2a76-8f5f-4fba-9b2a-cda40eb4cfb5,f47550be-910c-44a4-b293-eab3ee6aca92,21130359,
Hiện thực giỏ hàng và quy trình đặt hàng,MAJOR,<p>Phát triển chức năng thêm sản phẩm vào giỏ hàng và hoàn tất đặt hàng.</p>,2025-03-30,2025-04-08,sprint6_project9,INPROCESS,PRACTICE,Spring,21130367,21130359,Quản lý giỏ hàng - Xử lý đơn hàng,MEDIUM,6,project9,daec2a76-8f5f-4fba-9b2a-cda40eb4cfb5,f8bdf08c-c32d-4863-86b2-44a36a756fac,21130359,
Xây dựng API cho giỏ hàng và đơn hàng,MAJOR,"<p>Phát triển các API backend để thêm/xóa sản phẩm vào giỏ, tạo và quản lý đơn hàng.</p>",2025-04-01,2025-04-10,sprint6_project9,TODO,PRACTICE,Spring,21130359,21130386,Thiết kế endpoint - Xử lý logic nghiệp vụ,MEDIUM,6,project9,daec2a76-8f5f-4fba-9b2a-cda40eb4cfb5,f8bdf08c-c32d-4863-86b2-44a36a756fac,21130359,
Tích hợp cổng thanh toán online,CRITICAL,"<p>Kết nối website với các dịch vụ thanh toán trực tuyến (ví dụ: Momo, ZaloPay).</p>",2025-04-03,2025-04-12,sprint6_project9,TODO,PRACTICE,Spring,21130386,21130367,Nghiên cứu API thanh toán - Test giao dịch,HIGH,6,project9,daec2a76-8f5f-4fba-9b2a-cda40eb4cfb5,f8bdf08c-c32d-4863-86b2-44a36a756fac,21130359,
Phát triển chức năng đánh giá và bình luận sản phẩm,MAJOR,<p>Cho phép người dùng đánh giá và bình luận về phụ kiện.</p>,2025-04-13,2025-04-22,sprint7_project9,TODO,PRACTICE,ReactJS-Spring,21130367,21130359,Thiết kế form - Lưu trữ dữ liệu,MEDIUM,7,project9,daec2a76-8f5f-4fba-9b2a-cda40eb4cfb5,697b373f-2d73-48e9-90d4-ab516cc7d2aa,21130359,
Xây dựng chức năng quản lý khuyến mãi/mã giảm giá,MAJOR,<p>Phát triển giao diện và API để quản lý các chương trình khuyến mãi.</p>,2025-04-15,2025-04-24,sprint7_project9,TODO,PRACTICE,Spring,21130359,21130386,Thiết kế CSDL khuyến mãi - Phát triển form quản lý,MEDIUM,7,project9,daec2a76-8f5f-4fba-9b2a-cda40eb4cfb5,697b373f-2d73-48e9-90d4-ab516cc7d2aa,21130359,
Tối ưu hóa hiệu năng ứng dụng (Frontend),MINOR,"<p>Tăng tốc độ tải trang, giảm kích thước tài nguyên, tối ưu SEO cơ bản.</p>",2025-04-17,2025-04-26,sprint7_project9,TODO,PRACTICE,JS-CSS,21130386,21130367,Nén file - Tối ưu hình ảnh,LOW,7,project9,daec2a76-8f5f-4fba-9b2a-cda40eb4cfb5,697b373f-2d73-48e9-90d4-ab516cc7d2aa,21130359,
Triển khai môi trường Dev/Staging với Docker,MAJOR,"<p>Đóng gói ứng dụng vào Docker containers, cấu hình Docker Compose cho môi trường phát triển/thử nghiệm.</p>",2025-04-27,2025-05-01,sprint8_project9,TODO,PRACTICE,Docker-Deployment,21130367,21130359,Viết Dockerfile - Cấu hình Docker Compose,MEDIUM,8,project9,daec2a76-8f5f-4fba-9b2a-cda40eb4cfb5,ca990a18-1ecf-4677-b4f5-ff3f9c679fe3,21130359,
Cấu hình CI/CD cho dự án,MAJOR,<p>Thiết lập quy trình tích hợp liên tục và triển khai tự động cho dự án.</p>,2025-04-29,2025-05-03,sprint8_project9,TODO,PRACTICE,Deployment,21130359,21130386,Cấu hình GitHub Actions - Viết script deploy,MEDIUM,8,project9,daec2a76-8f5f-4fba-9b2a-cda40eb4cfb5,ca990a18-1ecf-4677-b4f5-ff3f9c679fe3,21130359,
Kiểm thử toàn diện và báo cáo cuối kỳ,MAJOR,<p>Thực hiện kiểm thử các chức năng và chuẩn bị tài liệu báo cáo dự án.</p>,2025-05-04,2025-05-08,sprint9_project9,TODO,PRACTICE,Deployment-Document,21130359,21130386,Lập kế hoạch kiểm thử - Soạn thảo báo cáo,MEDIUM,9,project9,daec2a76-8f5f-4fba-9b2a-cda40eb4cfb5,4c814469-68fa-494a-9e93-90ccff9d6eaa,21130359,
Triển khai ứng dụng lên Production Server,CRITICAL,"<p>Đưa ứng dụng lên môi trường sản phẩm thực tế, cấu hình server và database.</p>",2025-05-06,2025-05-10,sprint9_project9,TODO,PRACTICE,Deployment,21130386,21130367,Cấu hình Nginx/Apache - Kiểm tra cuối cùng,HIGH,9,project9,daec2a76-8f5f-4fba-9b2a-cda40eb4cfb5,4c814469-68fa-494a-9e93-90ccff9d6eaa,21130359,
Phân tích thị trường văn phòng phẩm online,MAJOR,<p>Nghiên cứu các cửa hàng văn phòng phẩm trực tuyến và nhu cầu khách hàng.</p>,2025-02-09,2025-02-13,sprint1_project10,DONE,THEORY,Document,21130371,21130390,Phân tích đối thủ - Đánh giá nhu cầu thị trường,MEDIUM,1,project10,688ce023-fd41-43d2-972f-7ae00679a764,d1e3dfdf-dfac-4693-bb79-fa08d8aad9fc,21130371,07673284-f71a-4901-8574-26d290b785ac
Xác định yêu cầu chức năng và phi chức năng,MAJOR,<p>Liệt kê các yêu cầu cụ thể cho website bán văn phòng phẩm.</p>,2025-02-10,2025-02-14,sprint1_project10,DONE,THEORY,Document,21130390,21130076,Họp với bên liên quan - Lập danh sách yêu cầu,MEDIUM,1,project10,688ce023-fd41-43d2-972f-7ae00679a764,d1e3dfdf-dfac-4693-bb79-fa08d8aad9fc,21130371,016e434b-3c68-4eae-b1c3-97127955103c
Thiết lập môi trường phát triển ban đầu,MINOR,<p>Cài đặt các công cụ và môi trường cần thiết cho việc phát triển web.</p>,2025-02-11,2025-02-15,sprint1_project10,DONE,PRACTICE,Deployment,21130076,21130371,Cài đặt IDE - Cấu hình Git,LOW,1,project10,688ce023-fd41-43d2-972f-7ae00679a764,d1e3dfdf-dfac-4693-bb79-fa08d8aad9fc,21130371,50f011f7-6032-43c9-8a55-155a19772483
Xác định yêu cầu kỹ thuật và công nghệ,MAJOR,"<p>Liệt kê các yêu cầu chức năng và phi chức năng, chọn công nghệ phù hợp.</p>",2025-02-16,2025-02-20,sprint2_project10,INPROCESS,THEORY,Document,21130390,21130076,Xác định tính năng cốt lõi - Đề xuất công nghệ,MEDIUM,2,project10,688ce023-fd41-43d2-972f-7ae00679a764,f87463f4-3d2c-49f1-9f20-a4510eb0728f,21130371,ff4381cd-f067-40c6-a175-39c0ebb3fc97
Thiết kế kiến trúc hệ thống tổng thể,MAJOR,"<p>Xây dựng sơ đồ kiến trúc tổng quan cho ứng dụng (client-server, database).</p>",2025-02-17,2025-02-21,sprint2_project10,TODO,THEORY,Document,21130076,21130371,Xác định các layer - Lựa chọn công nghệ,MEDIUM,2,project10,688ce023-fd41-43d2-972f-7ae00679a764,f87463f4-3d2c-49f1-9f20-a4510eb0728f,21130371,11663e6e-34cd-487c-9487-23b9d992304b
Lựa chọn và cấu hình framework Backend (NestJs),MAJOR,"<p>Khởi tạo dự án NestJs, cấu hình module, controller, service ban đầu.</p>",2025-02-18,2025-02-22,sprint2_project10,TODO,PRACTICE,NestJs,21130371,21130390,Cài đặt Nest CLI - Cấu hình TypeORM,MEDIUM,2,project10,688ce023-fd41-43d2-972f-7ae00679a764,f87463f4-3d2c-49f1-9f20-a4510eb0728f,21130371,ca67a16a-63e7-4ed8-84c0-e32c945223c7
Thiết kế ERD và cấu trúc cơ sở dữ liệu,MAJOR,<p>Vẽ ERD và thiết kế cấu trúc bảng cơ sở dữ liệu cho website văn phòng phẩm.</p>,2025-02-23,2025-03-05,sprint3_project10,INPROCESS,PRACTICE,Document,21130076,21130371,Thiết kế schema - Tạo bảng CSDL,MEDIUM,3,project10,688ce023-fd41-43d2-972f-7ae00679a764,99d36620-1576-4e19-99fb-c132541b860f,21130371,c6fb0f28-b296-45f3-944c-cf1f33112af4
Phát triển giao diện trang chủ và bố cục chung,MAJOR,"<p>Code HTML và CSS cho trang chủ, header, footer của website.</p>",2025-02-25,2025-03-07,sprint3_project10,TODO,PRACTICE,HTML-CSS,21130371,21130390,Thiết kế layout responsive - Viết CSS cơ bản,MEDIUM,3,project10,688ce023-fd41-43d2-972f-7ae00679a764,99d36620-1576-4e19-99fb-c132541b860f,21130371,945abc76-c054-45b9-b51c-529493b7441f
Xây dựng module xác thực người dùng (Backend),MAJOR,"<p>Phát triển các API cho chức năng đăng ký, đăng nhập và quản lý token.</p>",2025-02-27,2025-03-09,sprint3_project10,TODO,PRACTICE,NestJs,21130390,21130076,Thiết kế endpoint - Xử lý mã hóa mật khẩu,MEDIUM,3,project10,688ce023-fd41-43d2-972f-7ae00679a764,99d36620-1576-4e19-99fb-c132541b860f,21130371,87c97d62-105a-41f5-ad2c-3b341d01b9aa
Phát triển chức năng đăng nhập/đăng ký,MAJOR,"<p>Hiện thực module đăng nhập, đăng ký và quản lý tài khoản người dùng.</p>",2025-03-09,2025-03-13,sprint4_project10,INPROCESS,PRACTICE,NestJs,21130371,21130390,Xây dựng API authentication - Thiết kế form,MEDIUM,4,project10,688ce023-fd41-43d2-972f-7ae00679a764,eb648995-761c-42b7-9a55-2e2a8d67acae,21130371,05fe4ee0-f2e0-477d-81c6-3f1757b6f9c3
Xây dựng giao diện đăng nhập/đăng ký (ReactJS),MAJOR,"<p>Thiết kế và code các form đăng nhập, đăng ký sử dụng ReactJS và kết nối API.</p>",2025-03-11,2025-03-15,sprint4_project10,TODO,PRACTICE,ReactJS,21130390,21130076,Thiết kế form - Xử lý validation,MEDIUM,4,project10,688ce023-fd41-43d2-972f-7ae00679a764,eb648995-761c-42b7-9a55-2e2a8d67acae,21130371,bcf2739c-b97d-4ee8-b002-870070f0cf9f
Phát triển API quản lý sản phẩm (Backend),MAJOR,"<p>Xây dựng các API RESTful để thêm, sửa, xóa, lấy thông tin sản phẩm văn phòng phẩm.</p>",2025-03-13,2025-03-17,sprint4_project10,TODO,PRACTICE,NestJs,21130076,21130371,Thiết kế endpoint - Tích hợp database,MEDIUM,4,project10,688ce023-fd41-43d2-972f-7ae00679a764,eb648995-761c-42b7-9a55-2e2a8d67acae,21130371,5b817ead-8b0d-4603-b845-cd5dda00a7ba
Xây dựng trang quản lý sản phẩm (Admin),MAJOR,<p>Thiết kế và hiện thực giao diện quản lý sản phẩm cho quản trị viên.</p>,2025-03-16,2025-03-25,sprint5_project10,INPROCESS,PRACTICE,ReactJS-NestJs,21130390,21130076,Thiết kế form - Xử lý CRUD sản phẩm,MEDIUM,5,project10,688ce023-fd41-43d2-972f-7ae00679a764,f47550be-910c-44a4-b293-eab3ee6aca92,21130371,80e13cb6-093c-41ff-803e-8917367ac235
Xây dựng trang hiển thị danh sách sản phẩm,MAJOR,"<p>Hiện thực trang hiển thị danh sách văn phòng phẩm, có chức năng lọc theo loại, thương hiệu.</p>",2025-03-18,2025-03-27,sprint5_project10,TODO,PRACTICE,ReactJS,21130076,21130371,Thiết kế UI - Tích hợp API sản phẩm,MEDIUM,5,project10,688ce023-fd41-43d2-972f-7ae00679a764,f47550be-910c-44a4-b293-eab3ee6aca92,21130371,53594cf7-1f7b-45af-a4e2-c2234dcab771
Hiện thực chức năng tìm kiếm và lọc sản phẩm,MAJOR,"<p>Phát triển tính năng tìm kiếm sản phẩm theo từ khóa, danh mục, và các bộ lọc khác.</p>",2025-03-20,2025-03-29,sprint5_project10,TODO,PRACTICE,NestJs,21130371,21130390,Thiết kế thuật toán tìm kiếm - Tối ưu truy vấn,MEDIUM,5,project10,688ce023-fd41-43d2-972f-7ae00679a764,f47550be-910c-44a4-b293-eab3ee6aca92,21130371,0dc057ba-8e0a-41ee-91a9-4d2b0e1f8184
Hiện thực giỏ hàng và quy trình đặt hàng,MAJOR,<p>Phát triển chức năng thêm sản phẩm vào giỏ hàng và quy trình tạo đơn hàng.</p>,2025-03-30,2025-04-08,sprint6_project10,INPROCESS,PRACTICE,NestJs,21130076,21130371,Quản lý session giỏ hàng - Xử lý địa chỉ nhận hàng,MEDIUM,6,project10,688ce023-fd41-43d2-972f-7ae00679a764,f8bdf08c-c32d-4863-86b2-44a36a756fac,21130371,566aeff1-ce2c-4c0f-a85e-e743f5045ef4
Tích hợp thanh toán trực tuyến,CRITICAL,<p>Kết nối website với các cổng thanh toán online phổ biến.</p>,2025-04-03,2025-04-12,sprint6_project10,TODO,PRACTICE,NestJs,21130371,21130390,Nghiên cứu API thanh toán - Test giao dịch,HIGH,6,project10,688ce023-fd41-43d2-972f-7ae00679a764,f8bdf08c-c32d-4863-86b2-44a36a756fac,21130371,49956f61-6196-46da-a8f3-f1184ac197d8
Xây dựng API cho giỏ hàng và đơn hàng,MAJOR,"<p>Phát triển các API backend để thêm/xóa sản phẩm vào giỏ, tạo và quản lý đơn hàng.</p>",2025-04-05,2025-04-14,sprint6_project10,TODO,PRACTICE,NestJs,21130390,21130076,Thiết kế endpoint - Xử lý logic nghiệp vụ,MEDIUM,6,project10,688ce023-fd41-43d2-972f-7ae00679a764,f8bdf08c-c32d-4863-86b2-44a36a756fac,21130371,f5cf3791-60ac-44eb-8a31-ac49fc29a5ce
Phát triển chức năng đánh giá và bình luận sản phẩm,MAJOR,<p>Cho phép người dùng đánh giá và bình luận về văn phòng phẩm.</p>,2025-04-13,2025-04-22,sprint7_project10,TODO,PRACTICE,ReactJS-NestJs,21130076,21130371,Thiết kế form - Lưu trữ dữ liệu,MEDIUM,7,project10,688ce023-fd41-43d2-972f-7ae00679a764,697b373f-2d73-48e9-90d4-ab516cc7d2aa,21130371,7f357e14-41cd-46de-b2bd-2524d72185a8
Xây dựng chức năng quản lý khuyến mãi/mã giảm giá,MAJOR,<p>Phát triển giao diện và API để quản lý các chương trình khuyến mãi.</p>,2025-04-15,2025-04-24,sprint7_project10,TODO,PRACTICE,NestJs,21130371,21130390,Thiết kế CSDL khuyến mãi - Phát triển form quản lý,MEDIUM,7,project10,688ce023-fd41-43d2-972f-7ae00679a764,697b373f-2d73-48e9-90d4-ab516cc7d2aa,21130371,cb968b26-b632-4384-92d6-70b56a16a950
Tối ưu hóa hiệu năng ứng dụng (Backend),MINOR,"<p>Tối ưu hóa các truy vấn database, áp dụng caching để cải thiện tốc độ xử lý của server.</p>",2025-04-17,2025-04-26,sprint7_project10,TODO,PRACTICE,NestJs,21130390,21130076,Phân tích hiệu suất - Áp dụng caching,LOW,7,project10,688ce023-fd41-43d2-972f-7ae00679a764,697b373f-2d73-48e9-90d4-ab516cc7d2aa,21130371,1e19f76d-6beb-454c-bb2a-fe555e98e626
Triển khai môi trường Dev/Staging với Docker,MAJOR,"<p>Đóng gói ứng dụng vào Docker containers, cấu hình Docker Compose cho môi trường phát triển/thử nghiệm.</p>",2025-04-27,2025-05-01,sprint8_project10,TODO,PRACTICE,Docker-Deployment,21130076,21130371,Viết Dockerfile - Cấu hình Docker Compose,MEDIUM,8,project10,688ce023-fd41-43d2-972f-7ae00679a764,ca990a18-1ecf-4677-b4f5-ff3f9c679fe3,21130371,74ca6f00-5e3f-4d38-83f2-828206c84adb
Cấu hình CI/CD cho dự án,MAJOR,<p>Thiết lập quy trình tích hợp liên tục và triển khai tự động cho dự án.</p>,2025-04-29,2025-05-03,sprint8_project10,TODO,PRACTICE,Deployment,21130371,21130390,Cấu hình GitHub Actions - Viết script deploy,MEDIUM,8,project10,688ce023-fd41-43d2-972f-7ae00679a764,ca990a18-1ecf-4677-b4f5-ff3f9c679fe3,21130371,7bd5aac4-efc7-4a42-91e4-611333fee624
Kiểm thử và báo cáo dự án,MAJOR,<p>Thực hiện kiểm thử toàn bộ hệ thống và chuẩn bị báo cáo cuối kỳ.</p>,2025-05-04,2025-05-08,sprint9_project10,TODO,PRACTICE,Deployment-Document,21130390,21130076,Lập kế hoạch kiểm thử - Soạn thảo báo cáo,MEDIUM,9,project10,688ce023-fd41-43d2-972f-7ae00679a764,4c814469-68fa-494a-9e93-90ccff9d6eaa,21130371,f2f53194-beac-49a6-a195-9716b9df6682
Triển khai ứng dụng lên Production Server,CRITICAL,"<p>Đưa ứng dụng lên môi trường sản phẩm thực tế, cấu hình server và database.</p>",2025-05-06,2025-05-10,sprint9_project10,TODO,PRACTICE,Deployment,21130076,21130371,Cấu hình Nginx/Apache - Kiểm tra cuối cùng,HIGH,9,project10,688ce023-fd41-43d2-972f-7ae00679a764,4c814469-68fa-494a-9e93-90ccff9d6eaa,21130371,3c2ef216-ff47-4c51-8e1d-3961c808ad2f
