name,priority,descriptions,start,end,sprintId,status,tag,topics,assigneeId,reviewerId,subtasks,complexOfDescription,sprint,sprint_map,projectId,project_map,uniId,id
Khảo sát các phương pháp phân loại Spam,MAJOR,"<html>Nghiên cứu các thuật toán Machine Learning phổ biến để phân loại spam email như Naive Bayes, SVM, Logistic Regression.</html>",2025-02-10,2025-02-15,sprint-1-1,DONE,THEORY,Research,21130320,21130416,Tìm hiểu Naive Bayes - Tìm hiểu SVM - Tìm hiểu Logistic Regression,MEDIUM,1,ed30f4f9-61ee-499c-b68d-e736c3290b2a,1,09a3fd3d-110c-4021-b4f2-13e32f43e261,21130320,
Tìm kiếm và lựa chọn Dataset Email,MAJOR,"<html>Tìm kiếm các bộ dữ liệu email có sẵn để huấn luyện mô hình phân loại spam (ví dụ: Enron Spam Dataset, Ling-Spam Dataset). Lựa chọn bộ dữ liệu phù hợp nhất.</html>",2025-02-12,2025-02-17,sprint-1-1,DONE,PRACTICE,Research,21130416,21130319,Khảo sát nguồn dataset - Đánh giá chất lượng dataset,MEDIUM,1,ed30f4f9-61ee-499c-b68d-e736c3290b2a,1,09a3fd3d-110c-4021-b4f2-13e32f43e261,21130320,
Thiết lập môi trường phát triển,MINOR,"<html>Cài đặt Python, Jupyter Notebook/Google Colab và các thư viện cần thiết (pandas, scikit-learn, nltk).</html>",2025-02-09,2025-02-12,sprint-1-1,DONE,PRACTICE,Python,21130319,21130320,Cài đặt Python - Cài đặt thư viện,LOW,1,ed30f4f9-61ee-499c-b68d-e736c3290b2a,1,09a3fd3d-110c-4021-b4f2-13e32f43e261,21130320,
Tiền xử lý dữ liệu Email,MAJOR,"<html>Thực hiện các bước tiền xử lý dữ liệu email như loại bỏ ký tự đặc biệt, chuyển đổi chữ thường, loại bỏ stop words, stem/lemmatization.</html>",2025-02-20,2025-02-28,sprint-2-1,INPROCESS,PRACTICE,Python,21130320,21130416,Làm sạch văn bản - Chuẩn hóa dữ liệu,HIGH,2,bc3884ae-e246-4001-857c-b2ddd16ec442,1,09a3fd3d-110c-4021-b4f2-13e32f43e261,21130320,
Thống kê và phân tích Dataset Email,MAJOR,"<html>Thực hiện thống kê mô tả trên dataset đã tiền xử lý, bao gồm số lượng email spam/ham, độ dài trung bình của email, tần suất từ khóa.</html>",2025-02-25,2025-03-03,sprint-2-1,INPROCESS,PRACTICE,Python,21130416,21130319,Biểu đồ tần suất từ - Thống kê email,MEDIUM,2,bc3884ae-e246-4001-857c-b2ddd16ec442,1,09a3fd3d-110c-4021-b4f2-13e32f43e261,21130320,
Feature Engineering cho Email Spam,MAJOR,"<html>Tạo các đặc trưng từ dữ liệu email như TF-IDF, Bag of Words để sử dụng cho mô hình Machine Learning.</html>",2025-02-28,2025-03-05,sprint-2-1,INPROCESS,PRACTICE,Python,21130319,21130320,Xây dựng TF-IDF - Xây dựng Bag of Words,HIGH,2,bc3884ae-e246-4001-857c-b2ddd16ec442,1,09a3fd3d-110c-4021-b4f2-13e32f43e261,21130320,
Lựa chọn và Huấn luyện mô hình Naive Bayes,MAJOR,<html>Tiến hành huấn luyện mô hình Naive Bayes (ví dụ: Multinomial Naive Bayes) trên tập dữ liệu đã xử lý.</html>,2025-03-07,2025-03-14,sprint-3-1,TODO,PRACTICE,Python,21130320,21130416,Huấn luyện Naive Bayes - Tinh chỉnh siêu tham số,MEDIUM,3,746d0e99-8024-4fd8-8851-0ff42317774a,1,09a3fd3d-110c-4021-b4f2-13e32f43e261,21130320,
Lựa chọn và Huấn luyện mô hình SVM,MAJOR,<html>Tiến hành huấn luyện mô hình Support Vector Machine (SVM) trên tập dữ liệu đã xử lý.</html>,2025-03-09,2025-03-16,sprint-3-1,TODO,PRACTICE,Python,21130416,21130319,Huấn luyện SVM - Tinh chỉnh siêu tham số,MEDIUM,3,746d0e99-8024-4fd8-8851-0ff42317774a,1,09a3fd3d-110c-4021-b4f2-13e32f43e261,21130320,
Đánh giá mô hình phân loại Spam,MAJOR,"<html>Đánh giá hiệu suất của các mô hình đã huấn luyện bằng các chỉ số như Accuracy, Precision, Recall, F1-score và Confusion Matrix.</html>",2025-03-15,2025-03-20,sprint-3-1,TODO,THEORY,Research,21130319,21130320,Tính toán Accuracy - Vẽ Confusion Matrix,HIGH,3,746d0e99-8024-4fd8-8851-0ff42317774a,1,09a3fd3d-110c-4021-b4f2-13e32f43e261,21130320,
Xây dựng giao diện ứng dụng phân loại Spam,MAJOR,"<html>Xây dựng một giao diện đơn giản (ví dụ: Streamlit, Flask) để người dùng có thể nhập email và nhận kết quả phân loại spam/ham.</html>",2025-03-22,2025-03-30,sprint-5-1,TODO,PRACTICE,Python,21130320,21130416,Thiết kế giao diện người dùng - Kết nối mô hình,MEDIUM,5,cd36124d-d149-4e1b-a716-63db9678cf63,1,09a3fd3d-110c-4021-b4f2-13e32f43e261,21130320,
Kiểm thử và demo mô hình,MAJOR,<html>Kiểm thử mô hình với các email thực tế. Chuẩn bị tài liệu demo và trình bày kết quả.</html>,2025-03-28,2025-04-04,sprint-5-1,TODO,PRACTICE,Research,21130416,21130319,Kiểm thử với dữ liệu mới - Ghi nhận kết quả,HIGH,5,cd36124d-d149-4e1b-a716-63db9678cf63,1,09a3fd3d-110c-4021-b4f2-13e32f43e261,21130320,
Tối ưu hóa và Hiệu chỉnh mô hình,MAJOR,"<html>Dựa trên kết quả đánh giá, tiến hành tối ưu hóa mô hình (ví dụ: điều chỉnh siêu tham số, thử các kỹ thuật feature engineering khác).</html>",2025-04-06,2025-04-12,sprint-4-1,TODO,PRACTICE,Python,21130320,21130416,Điều chỉnh siêu tham số - Thử nghiệm mô hình mới,HIGH,4,ed2bc749-adac-4f85-b07d-93f7dce64a41,1,09a3fd3d-110c-4021-b4f2-13e32f43e261,21130320,
Chuẩn bị tài liệu báo cáo và Source Code,MAJOR,"<html>Tổng hợp các kết quả, phân tích và kiến nghị vào tài liệu báo cáo cuối kỳ. Đảm bảo mã nguồn sạch sẽ, có comment và sẵn sàng để nộp.</html>",2025-04-10,2025-04-19,sprint-6-1,TODO,PRACTICE,Research,21130416,21130319,Viết báo cáo - Tổ chức mã nguồn,MEDIUM,6,9d2d20a1-f820-4c32-9fab-cbc63a86a98d,1,09a3fd3d-110c-4021-b4f2-13e32f43e261,21130320,
Tìm hiểu các yếu tố ảnh hưởng giá nhà,MAJOR,"<html>Nghiên cứu các yếu tố chính ảnh hưởng đến giá nhà như diện tích, số phòng ngủ, vị trí, tiện ích xung quanh.</html>",2025-02-10,2025-02-15,sprint-1-2,DONE,THEORY,Research,21130451,21130444,Khảo sát thị trường bất động sản - Phân tích đặc trưng,MEDIUM,1,ed30f4f9-61ee-499c-b68d-e736c3290b2a,2,9fefc788-7a52-4ed4-a257-5179ce5b2efe,21130451,
Tìm kiếm và lựa chọn Dataset Giá Nhà,MAJOR,"<html>Tìm kiếm các bộ dữ liệu giá nhà có sẵn (ví dụ: Boston Housing Dataset, California Housing Dataset) để huấn luyện mô hình.</html>",2025-02-12,2025-02-17,sprint-1-2,DONE,PRACTICE,Research,21130444,21130509,Xác định nguồn dataset - Đánh giá tính phù hợp,MEDIUM,1,ed30f4f9-61ee-499c-b68d-e736c3290b2a,2,9fefc788-7a52-4ed4-a257-5179ce5b2efe,21130451,
Thiết lập môi trường Python cho Regression,MINOR,"<html>Cài đặt Python, Jupyter Notebook/Google Colab và các thư viện cần thiết cho hồi quy (pandas, scikit-learn, numpy, matplotlib).</html>",2025-02-09,2025-02-12,sprint-1-2,DONE,PRACTICE,Python,21130509,21130451,Cài đặt thư viện - Chuẩn bị môi trường,LOW,1,ed30f4f9-61ee-499c-b68d-e736c3290b2a,2,9fefc788-7a52-4ed4-a257-5179ce5b2efe,21130451,
Xử lý dữ liệu thiếu và ngoại lệ,MAJOR,<html>Thực hiện các phương pháp xử lý dữ liệu thiếu (imputation) và nhận diện/xử lý các giá trị ngoại lệ (outliers) trong dataset giá nhà.</html>,2025-02-20,2025-02-28,sprint-2-2,INPROCESS,PRACTICE,Python,21130451,21130444,Xử lý missing values - Phát hiện outliers,HIGH,2,bc3884ae-e246-4001-857c-b2ddd16ec442,2,9fefc788-7a52-4ed4-a257-5179ce5b2efe,21130451,
Phân tích tương quan giữa các biến,MAJOR,<html>Thực hiện phân tích tương quan giữa các biến độc lập và biến phụ thuộc (giá nhà) để hiểu rõ mối quan hệ dữ liệu.</html>,2025-02-25,2025-03-03,sprint-2-2,INPROCESS,PRACTICE,Python,21130444,21130509,Tính toán ma trận tương quan - Biểu đồ phân tán,MEDIUM,2,bc3884ae-e246-4001-857c-b2ddd16ec442,2,9fefc788-7a52-4ed4-a257-5179ce5b2efe,21130451,
Chuẩn hóa và chia tách Dataset,MAJOR,"<html>Chuẩn hóa dữ liệu (scaling) và chia dataset thành tập huấn luyện, tập kiểm tra.</html>",2025-02-28,2025-03-05,sprint-2-2,INPROCESS,PRACTICE,Python,21130509,21130451,Scaling dữ liệu - Train/Test split,HIGH,2,bc3884ae-e246-4001-857c-b2ddd16ec442,2,9fefc788-7a52-4ed4-a257-5179ce5b2efe,21130451,
Lựa chọn và Huấn luyện mô hình Linear Regression,MAJOR,<html>Tiến hành huấn luyện mô hình Hồi quy tuyến tính (Linear Regression) trên tập dữ liệu đã xử lý.</html>,2025-03-07,2025-03-14,sprint-3-2,TODO,PRACTICE,Python,21130451,21130444,Huấn luyện Linear Regression - Điều chỉnh mô hình,MEDIUM,3,746d0e99-8024-4fd8-8851-0ff42317774a,2,9fefc788-7a52-4ed4-a257-5179ce5b2efe,21130451,
Đánh giá mô hình dự đoán giá nhà,MAJOR,"<html>Đánh giá hiệu suất của mô hình bằng các chỉ số như RMSE, MAE, R-squared.</html>",2025-03-15,2025-03-20,sprint-3-2,TODO,THEORY,Research,21130444,21130509,Tính toán RMSE - Phân tích R-squared,HIGH,3,746d0e99-8024-4fd8-8851-0ff42317774a,2,9fefc788-7a52-4ed4-a257-5179ce5b2efe,21130451,
Lựa chọn và Huấn luyện các mô hình khác (ví dụ: Decision Tree Regression),MAJOR,<html>Thử nghiệm và huấn luyện thêm một mô hình hồi quy khác (ví dụ: Decision Tree Regressor) để so sánh hiệu suất.</html>,2025-03-09,2025-03-16,sprint-3-2,TODO,PRACTICE,Python,21130509,21130451,Huấn luyện Decision Tree - So sánh kết quả,MEDIUM,3,746d0e99-8024-4fd8-8851-0ff42317774a,2,9fefc788-7a52-4ed4-a257-5179ce5b2efe,21130451,
Xây dựng công cụ dự đoán giá nhà,MAJOR,<html>Phát triển một công cụ đơn giản (ví dụ: command-line tool hoặc giao diện web nhỏ) để người dùng nhập các đặc trưng và nhận kết quả dự đoán giá nhà.</html>,2025-03-22,2025-03-30,sprint-5-2,TODO,PRACTICE,Python,21130451,21130444,Thiết kế giao diện - Tích hợp mô hình,MEDIUM,5,cd36124d-d149-4e1b-a716-63db9678cf63,2,9fefc788-7a52-4ed4-a257-5179ce5b2efe,21130451,
Kiểm thử ứng dụng với dữ liệu thực tế,MAJOR,<html>Kiểm thử công cụ dự đoán với các bộ dữ liệu nhà ở thực tế để đánh giá độ chính xác.</html>,2025-03-28,2025-04-04,sprint-5-2,TODO,PRACTICE,Research,21130444,21130509,Kiểm tra tính năng - Đánh giá độ tin cậy,HIGH,5,cd36124d-d149-4e1b-a716-63db9678cf63,2,9fefc788-7a52-4ed4-a257-5179ce5b2efe,21130451,
Hiệu chỉnh mô hình và phân tích lỗi,MAJOR,<html>Phân tích các trường hợp mô hình dự đoán sai để hiểu nguyên nhân và hiệu chỉnh mô hình nếu cần.</html>,2025-04-06,2025-04-12,sprint-4-2,TODO,PRACTICE,Python,21130451,21130444,Phân tích residual - Cải thiện mô hình,HIGH,4,ed2bc749-adac-4f85-b07d-93f7dce64a41,2,9fefc788-7a52-4ed4-a257-5179ce5b2efe,21130451,
Hoàn thiện báo cáo và mã nguồn,MAJOR,"<html>Tổng hợp toàn bộ quá trình, kết quả, và đề xuất cải tiến vào báo cáo. Sắp xếp mã nguồn dự án gọn gàng.</html>",2025-04-10,2025-04-19,sprint-6-2,TODO,PRACTICE,Research,21130444,21130509,Viết báo cáo cuối kỳ - Đóng gói mã nguồn,MEDIUM,6,9d2d20a1-f820-4c32-9fab-cbc63a86a98d,2,9fefc788-7a52-4ed4-a257-5179ce5b2efe,21130451,
Tìm hiểu về mạng nơ-ron tích chập (CNN),MAJOR,"<html>Nghiên cứu kiến trúc cơ bản của mạng CNN (Convolutional Layer, Pooling Layer, Fully Connected Layer) và cách chúng hoạt động.</html>",2025-02-10,2025-02-15,sprint-1-3,DONE,THEORY,Research,21130601,21130612,Đọc tài liệu CNN - Hiểu kiến trúc cơ bản,MEDIUM,1,ed30f4f9-61ee-499c-b68d-e736c3290b2a,3,6c8ea210-e44d-4b1f-ad3f-69f008dd8f45,21130601,
Chuẩn bị dataset MNIST,MAJOR,<html>Tải và làm quen với dataset MNIST (tập dữ liệu chữ số viết tay).</html>,2025-02-12,2025-02-17,sprint-1-3,DONE,PRACTICE,Research,21130612,21130219,Tải MNIST - Khám phá dữ liệu,MEDIUM,1,ed30f4f9-61ee-499c-b68d-e736c3290b2a,3,6c8ea210-e44d-4b1f-ad3f-69f008dd8f45,21130601,
Thiết lập môi trường Deep Learning,MINOR,<html>Cài đặt thư viện TensorFlow/Keras cho Python để xây dựng và huấn luyện mô hình CNN.</html>,2025-02-09,2025-02-12,sprint-1-3,DONE,PRACTICE,Python,21130219,21130601,Cài đặt TensorFlow - Cài đặt Keras,LOW,1,ed30f4f9-61ee-499c-b68d-e736c3290b2a,3,6c8ea210-e44d-4b1f-ad3f-69f008dd8f45,21130601,
Tiền xử lý và chuẩn hóa ảnh MNIST,MAJOR,"<html>Chuyển đổi định dạng ảnh (ví dụ: từ grayscale sang RGB nếu cần), chuẩn hóa giá trị pixel và chia dataset.</html>",2025-02-20,2025-02-28,sprint-2-3,INPROCESS,PRACTICE,Python,21130601,21130612,Chuẩn hóa pixel - Resize ảnh,HIGH,2,bc3884ae-e246-4001-857c-b2ddd16ec442,3,6c8ea210-e44d-4b1f-ad3f-69f008dd8f45,21130601,
Trực quan hóa dữ liệu chữ số,MAJOR,<html>Sử dụng Matplotlib để hiển thị một số mẫu chữ số từ dataset MNIST và hiểu cấu trúc dữ liệu.</html>,2025-02-25,2025-03-03,sprint-2-3,INPROCESS,PRACTICE,Python,21130612,21130219,Vẽ ảnh mẫu - Phân tích phân bố,MEDIUM,2,bc3884ae-e246-4001-857c-b2ddd16ec442,3,6c8ea210-e44d-4b1f-ad3f-69f008dd8f45,21130601,
Xây dựng kiến trúc CNN đơn giản,MAJOR,"<html>Thiết kế và xây dựng một kiến trúc CNN cơ bản với vài lớp Convolutional và Pooling, sử dụng Keras.</html>",2025-03-07,2025-03-14,sprint-3-3,TODO,PRACTICE,Python,21130601,21130612,Định nghĩa các lớp CNN - Compile mô hình,MEDIUM,3,746d0e99-8024-4fd8-8851-0ff42317774a,3,6c8ea210-e44d-4b1f-ad3f-69f008dd8f45,21130601,
Huấn luyện mô hình CNN nhận diện chữ số,MAJOR,<html>Tiến hành huấn luyện mô hình CNN trên tập huấn luyện MNIST và theo dõi quá trình học.</html>,2025-03-09,2025-03-16,sprint-3-3,TODO,PRACTICE,Python,21130612,21130219,Chạy huấn luyện - Theo dõi Loss/Accuracy,MEDIUM,3,746d0e99-8024-4fd8-8851-0ff42317774a,3,6c8ea210-e44d-4b1f-ad3f-69f008dd8f45,21130601,
Đánh giá hiệu suất mô hình CNN,MAJOR,<html>Đánh giá độ chính xác của mô hình trên tập kiểm tra MNIST và vẽ Confusion Matrix.</html>,2025-03-15,2025-03-20,sprint-3-3,TODO,THEORY,Research,21130219,21130601,Tính toán Accuracy - Trực quan hóa kết quả,HIGH,3,746d0e99-8024-4fd8-8851-0ff42317774a,3,6c8ea210-e44d-4b1f-ad3f-69f008dd8f45,21130601,
Xây dựng ứng dụng vẽ và nhận diện chữ số,MAJOR,<html>Phát triển một ứng dụng web/desktop nhỏ cho phép người dùng vẽ chữ số và mô hình sẽ dự đoán đó là chữ số nào.</html>,2025-03-22,2025-03-30,sprint-5-3,TODO,PRACTICE,Python,21130601,21130612,Thiết kế giao diện vẽ - Tích hợp mô hình dự đoán,MEDIUM,5,cd36124d-d149-4e1b-a716-63db9678cf63,3,6c8ea210-e44d-4b1f-ad3f-69f008dd8f45,21130601,
Kiểm thử và demo ứng dụng,MAJOR,<html>Kiểm thử ứng dụng với các chữ số viết tay khác nhau. Chuẩn bị buổi demo.</html>,2025-03-28,2025-04-04,sprint-5-3,TODO,PRACTICE,Research,21130612,21130219,Kiểm tra tính năng vẽ - Demo kết quả,HIGH,5,cd36124d-d149-4e1b-a716-63db9678cf63,3,6c8ea210-e44d-4b1f-ad3f-69f008dd8f45,21130601,
Hiệu chỉnh và cải thiện CNN,MAJOR,<html>Thử nghiệm các kiến trúc CNN khác hoặc điều chỉnh siêu tham số để cải thiện độ chính xác của mô hình.</html>,2025-04-06,2025-04-12,sprint-4-3,TODO,PRACTICE,Python,21130601,21130612,Thay đổi kiến trúc - Điều chỉnh learning rate,HIGH,4,ed2bc749-adac-4f85-b07d-93f7dce64a41,3,6c8ea210-e44d-4b1f-ad3f-69f008dd8f45,21130601,
Hoàn thiện báo cáo kỹ thuật và mã nguồn,MAJOR,"<html>Viết báo cáo chi tiết về quá trình xây dựng, huấn luyện và đánh giá mô hình CNN. Sắp xếp mã nguồn một cách có tổ chức.</html>",2025-04-10,2025-04-19,sprint-6-3,TODO,PRACTICE,Research,21130612,21130219,Viết phần giới thiệu - Chuẩn bị GitHub repo,MEDIUM,6,9d2d20a1-f820-4c32-9fab-cbc63a86a98d,3,6c8ea210-e44d-4b1f-ad3f-69f008dd8f45,21130601,
Tìm hiểu về Phân tích cảm xúc (Sentiment Analysis),MAJOR,"<html>Nghiên cứu các phương pháp phân tích cảm xúc dựa trên Machine Learning như Naive Bayes, SVM, Logistic Regression và các kỹ thuật tiền xử lý văn bản.</html>",2025-02-10,2025-02-15,sprint-1-4,DONE,THEORY,Research,21130363,21130175,Đọc tài liệu NLP - Khảo sát thuật toán,MEDIUM,1,ed30f4f9-61ee-499c-b68d-e736c3290b2a,4,5d5ef264-aa35-4e4e-b806-5022146d4cc7,21130363,9c5de92f-9b21-4a40-af10-5ac94b12bd8f
Tìm kiếm và lựa chọn Dataset Bình luận,MAJOR,"<html>Tìm kiếm các bộ dữ liệu bình luận có gán nhãn cảm xúc (ví dụ: IMDb movie reviews, Twitter sentiment analysis).</html>",2025-02-12,2025-02-17,sprint-1-4,DONE,PRACTICE,Research,21130175,21130171,Xác định nguồn dataset - Đánh giá độ phù hợp,MEDIUM,1,ed30f4f9-61ee-499c-b68d-e736c3290b2a,4,5d5ef264-aa35-4e4e-b806-5022146d4cc7,21130363,090b6a8f-18fd-4406-88ff-827371a2c9d7
Thiết lập môi trường cho xử lý ngôn ngữ tự nhiên,MINOR,"<html>Cài đặt thư viện NLTK, scikit-learn và các công cụ cần thiết cho xử lý văn bản trong Python.</html>",2025-02-09,2025-02-12,sprint-1-4,DONE,PRACTICE,Python,21130171,21130363,Cài đặt NLTK - Chuẩn bị môi trường,LOW,1,ed30f4f9-61ee-499c-b68d-e736c3290b2a,4,5d5ef264-aa35-4e4e-b806-5022146d4cc7,21130363,34df8ef0-9367-45a6-9885-39cb1f5ae99d
Tiền xử lý và làm sạch dữ liệu văn bản,MAJOR,"<html>Thực hiện các bước tiền xử lý như loại bỏ stop words, dấu câu, chuyển chữ thường, tokenization và stem/lemmatization.</html>",2025-02-20,2025-02-28,sprint-2-4,INPROCESS,PRACTICE,Python,21130363,21130175,Làm sạch text - Xử lý token,HIGH,2,bc3884ae-e246-4001-857c-b2ddd16ec442,4,5d5ef264-aa35-4e4e-b806-5022146d4cc7,21130363,a3a31fa9-d94a-45b2-8fc5-3cb8db11db82
Trích xuất đặc trưng văn bản (TF-IDF/BoW),MAJOR,<html>Chuyển đổi văn bản thành các đặc trưng số học sử dụng Bag of Words (BoW) hoặc TF-IDF.</html>,2025-02-25,2025-03-03,sprint-2-4,INPROCESS,PRACTICE,Python,21130175,21130171,Áp dụng TF-IDF - Xây dựng BoW,MEDIUM,2,bc3884ae-e246-4001-857c-b2ddd16ec442,4,5d5ef264-aa35-4e4e-b806-5022146d4cc7,21130363,66168eb0-51fb-4a1e-af3a-7436c5402c06
Phân chia dataset và cân bằng lớp,MAJOR,<html>Chia dataset thành tập huấn luyện và kiểm tra. Xem xét cân bằng lớp nếu dataset có sự mất cân bằng về số lượng bình luận tích cực/tiêu cực.</html>,2025-02-28,2025-03-05,sprint-2-4,INPROCESS,PRACTICE,Python,21130171,21130363,Chia Train/Test - Xử lý imbalanced data,HIGH,2,bc3884ae-e246-4001-857c-b2ddd16ec442,4,5d5ef264-aa35-4e4e-b806-5022146d4cc7,21130363,28b857a4-b3fe-40e7-a048-0d6d2f5b29e2
Huấn luyện mô hình Logistic Regression,MAJOR,<html>Tiến hành huấn luyện mô hình Logistic Regression để phân loại cảm xúc.</html>,2025-03-07,2025-03-14,sprint-3-4,TODO,PRACTICE,Python,21130363,21130175,Huấn luyện Logistic Regression - Tinh chỉnh tham số,MEDIUM,3,746d0e99-8024-4fd8-8851-0ff42317774a,4,5d5ef264-aa35-4e4e-b806-5022146d4cc7,21130363,60caa2b3-a790-491d-b473-f06f9b5913fa
Huấn luyện mô hình SVM cho phân tích cảm xúc,MAJOR,<html>Thử nghiệm huấn luyện mô hình Support Vector Machine (SVM) để so sánh hiệu suất.</html>,2025-03-09,2025-03-16,sprint-3-4,TODO,PRACTICE,Python,21130175,21130171,Huấn luyện SVM - Đánh giá sự khác biệt,MEDIUM,3,746d0e99-8024-4fd8-8851-0ff42317774a,4,5d5ef264-aa35-4e4e-b806-5022146d4cc7,21130363,6c207d64-bc09-4be6-afa4-13754e5cfd53
Đánh giá mô hình phân tích cảm xúc,MAJOR,"<html>Sử dụng các chỉ số như Accuracy, Precision, Recall, F1-score và Confusion Matrix để đánh giá hiệu suất của các mô hình.</html>",2025-03-15,2025-03-20,sprint-3-4,TODO,THEORY,Research,21130171,21130363,Tính toán các chỉ số - Phân tích kết quả,HIGH,3,746d0e99-8024-4fd8-8851-0ff42317774a,4,5d5ef264-aa35-4e4e-b806-5022146d4cc7,21130363,cc23ca40-46d1-441b-9c0d-8848b9675921
Xây dựng ứng dụng phân tích bình luận,MAJOR,<html>Phát triển một giao diện đơn giản (ví dụ: sử dụng Streamlit) cho phép người dùng nhập bình luận và xem kết quả phân tích cảm xúc.</html>,2025-03-22,2025-03-30,sprint-5-4,TODO,PRACTICE,Python,21130363,21130175,Thiết kế giao diện - Kết nối API mô hình,MEDIUM,5,cd36124d-d149-4e1b-a716-63db9678cf63,4,5d5ef264-aa35-4e4e-b806-5022146d4cc7,21130363,c0f41232-1ff4-4ce4-8a2d-2deadaf396ea
Kiểm thử và tối ưu ứng dụng,MAJOR,<html>Kiểm thử ứng dụng với các bình luận đa dạng để đảm bảo hoạt động ổn định và chính xác.</html>,2025-03-28,2025-04-04,sprint-5-4,TODO,PRACTICE,Research,21130175,21130171,Kiểm tra tính năng - Tối ưu hiệu suất,HIGH,5,cd36124d-d149-4e1b-a716-63db9678cf63,4,5d5ef264-aa35-4e4e-b806-5022146d4cc7,21130363,7667c219-2200-43fc-a8c1-4485fc9b4e10
Hiệu chỉnh và so sánh các mô hình,MAJOR,<html>Thực hiện tinh chỉnh các siêu tham số hoặc thử các phương pháp trích xuất đặc trưng khác để cải thiện mô hình. So sánh lại hiệu suất.</html>,2025-04-06,2025-04-12,sprint-4-4,TODO,PRACTICE,Python,21130363,21130175,Tinh chỉnh siêu tham số - So sánh thuật toán,HIGH,4,ed2bc749-adac-4f85-b07d-93f7dce64a41,4,5d5ef264-aa35-4e4e-b806-5022146d4cc7,21130363,b371db39-a1b8-47c0-b0d6-4fa55586d30f
Báo cáo dự án và tài liệu hướng dẫn,MAJOR,"<html>Viết báo cáo tổng kết dự án, bao gồm mô tả quy trình, kết quả đạt được, và các khó khăn gặp phải. Chuẩn bị tài liệu hướng dẫn sử dụng ứng dụng.</html>",2025-04-10,2025-04-19,sprint-6-4,TODO,PRACTICE,Research,21130175,21130171,Viết phần kết luận - Hướng dẫn sử dụng,MEDIUM,6,9d2d20a1-f820-4c32-9fab-cbc63a86a98d,4,5d5ef264-aa35-4e4e-b806-5022146d4cc7,21130363,49de72ed-f9da-4706-93d0-950533eeb59f
Nghiên cứu các yếu tố nguy cơ bệnh tim,MAJOR,"<html>Tìm hiểu các yếu tố nguy cơ phổ biến dẫn đến bệnh tim như huyết áp, cholesterol, tuổi tác, giới tính, thói quen sinh hoạt.</html>",2025-02-10,2025-02-15,sprint-1-5,DONE,THEORY,Research,22130001,20130196,Khảo sát yếu tố rủi ro - Phân tích ảnh hưởng,MEDIUM,1,ed30f4f9-61ee-499c-b68d-e736c3290b2a,5,98bd604b-6e23-40cd-8121-bfeaf65b42e8,22130001,
Tìm kiếm và lựa chọn Dataset Y tế,MAJOR,<html>Tìm kiếm các bộ dữ liệu y tế công khai về bệnh tim (ví dụ: Cleveland Heart Disease Dataset) để sử dụng cho dự án.</html>,2025-02-12,2025-02-17,sprint-1-5,DONE,PRACTICE,Research,20130196,21130004,Xác định nguồn dataset - Đánh giá tính sẵn có,MEDIUM,1,ed30f4f9-61ee-499c-b68d-e736c3290b2a,5,98bd604b-6e23-40cd-8121-bfeaf65b42e8,22130001,
Thiết lập môi trường cho phân tích dữ liệu y tế,MINOR,"<html>Cài đặt Python, Pandas, Scikit-learn và Matplotlib để tiền xử lý và phân tích dữ liệu.</html>",2025-02-09,2025-02-12,sprint-1-5,DONE,PRACTICE,Python,21130004,22130001,Cài đặt thư viện - Chuẩn bị môi trường,LOW,1,ed30f4f9-61ee-499c-b68d-e736c3290b2a,5,98bd604b-6e23-40cd-8121-bfeaf65b42e8,22130001,
Tiền xử lý dữ liệu y tế,MAJOR,"<html>Xử lý dữ liệu thiếu, chuyển đổi các biến phân loại sang định dạng số, và chuẩn hóa dữ liệu số.</html>",2025-02-20,2025-02-28,sprint-2-5,INPROCESS,PRACTICE,Python,22130001,20130196,Xử lý missing values - Mã hóa categorical data,HIGH,2,bc3884ae-e246-4001-857c-b2ddd16ec442,5,98bd604b-6e23-40cd-8121-bfeaf65b42e8,22130001,
Phân tích thống kê mô tả dataset,MAJOR,"<html>Thực hiện thống kê mô tả về các đặc trưng y tế, mối quan hệ giữa các đặc trưng và biến mục tiêu (bệnh tim).</html>",2025-02-25,2025-03-03,sprint-2-5,INPROCESS,PRACTICE,Python,20130196,21130004,Biểu đồ phân bố - Phân tích tương quan,MEDIUM,2,bc3884ae-e246-4001-857c-b2ddd16ec442,5,98bd604b-6e23-40cd-8121-bfeaf65b42e8,22130001,
Lựa chọn đặc trưng và chia tách Dataset,MAJOR,"<html>Áp dụng các kỹ thuật lựa chọn đặc trưng (Feature Selection) nếu cần và chia dataset thành tập huấn luyện, kiểm tra.</html>",2025-02-28,2025-03-05,sprint-2-5,INPROCESS,PRACTICE,Python,21130004,22130001,Feature selection - Train/Test split,HIGH,2,bc3884ae-e246-4001-857c-b2ddd16ec442,5,98bd604b-6e23-40cd-8121-bfeaf65b42e8,22130001,
Huấn luyện mô hình Logistic Regression,MAJOR,<html>Tiến hành huấn luyện mô hình Logistic Regression để dự đoán nguy cơ bệnh tim.</html>,2025-03-07,2025-03-14,sprint-3-5,TODO,PRACTICE,Python,22130001,20130196,Huấn luyện mô hình - Tinh chỉnh siêu tham số,MEDIUM,3,746d0e99-8024-4fd8-8851-0ff42317774a,5,98bd604b-6e23-40cd-8121-bfeaf65b42e8,22130001,
Huấn luyện mô hình Decision Tree,MAJOR,<html>Thử nghiệm huấn luyện mô hình Decision Tree để so sánh hiệu suất với Logistic Regression.</html>,2025-03-09,2025-03-16,sprint-3-5,TODO,PRACTICE,Python,20130196,21130004,Huấn luyện Decision Tree - So sánh kết quả,MEDIUM,3,746d0e99-8024-4fd8-8851-0ff42317774a,5,98bd604b-6e23-40cd-8121-bfeaf65b42e8,22130001,
Đánh giá hiệu suất mô hình dự đoán bệnh tim,MAJOR,"<html>Đánh giá các mô hình bằng Accuracy, Precision, Recall, F1-score và ROC-AUC.</html>",2025-03-15,2025-03-20,sprint-3-5,TODO,THEORY,Research,21130004,22130001,Tính toán ROC-AUC - Phân tích Confusion Matrix,HIGH,3,746d0e99-8024-4fd8-8851-0ff42317774a,5,98bd604b-6e23-40cd-8121-bfeaf65b42e8,22130001,
Xây dựng ứng dụng dự đoán nguy cơ bệnh tim,MAJOR,<html>Phát triển một giao diện web/desktop đơn giản để người dùng nhập các thông số y tế và nhận kết quả dự đoán nguy cơ.</html>,2025-03-22,2025-03-30,sprint-5-5,TODO,PRACTICE,Python,22130001,20130196,Thiết kế giao diện nhập liệu - Tích hợp dự đoán,MEDIUM,5,cd36124d-d149-4e1b-a716-63db9678cf63,5,98bd604b-6e23-40cd-8121-bfeaf65b42e8,22130001,
Kiểm thử mô hình với dữ liệu bệnh nhân thực tế,MAJOR,<html>Kiểm thử mô hình với các bộ dữ liệu bệnh nhân thực tế (nếu có thể) hoặc dữ liệu mô phỏng để đánh giá độ tin cậy.</html>,2025-03-28,2025-04-04,sprint-5-5,TODO,PRACTICE,Research,20130196,21130004,Kiểm tra tính chính xác - Đánh giá độ ổn định,HIGH,5,cd36124d-d149-4e1b-a716-63db9678cf63,5,98bd604b-6e23-40cd-8121-bfeaf65b42e8,22130001,
Hiệu chỉnh và giải thích mô hình,MAJOR,<html>Giải thích các yếu tố quan trọng nhất ảnh hưởng đến dự đoán của mô hình. Cố gắng hiệu chỉnh để cải thiện độ chính xác.</html>,2025-04-06,2025-04-12,sprint-4-5,TODO,PRACTICE,Python,22130001,20130196,Phân tích Feature Importance - Cải thiện mô hình,HIGH,4,ed2bc749-adac-4f85-b07d-93f7dce64a41,5,98bd604b-6e23-40cd-8121-bfeaf65b42e8,22130001,
Hoàn thiện báo cáo và trình bày dự án,MAJOR,"<html>Tổng hợp toàn bộ dự án, bao gồm phương pháp, kết quả và những đóng góp. Chuẩn bị cho buổi báo cáo cuối kỳ.</html>",2025-04-10,2025-04-19,sprint-6-5,TODO,PRACTICE,Research,20130196,21130004,Viết tóm tắt - Chuẩn bị slide,MEDIUM,6,9d2d20a1-f820-4c32-9fab-cbc63a86a98d,5,98bd604b-6e23-40cd-8121-bfeaf65b42e8,22130001,
Tìm hiểu về hệ thống gợi ý,MAJOR,"<html>Nghiên cứu các loại hệ thống gợi ý phổ biến (Content-based, Collaborative Filtering) và các thuật toán cơ bản.</html>",2025-02-10,2025-02-15,sprint-1-6,DONE,THEORY,Research,21130279,21130326,Khảo sát các loại Recommendation System - Tìm hiểu thuật toán,MEDIUM,1,ed30f4f9-61ee-499c-b68d-e736c3290b2a,6,a7ad6071-11e1-453d-b30a-f19ceafc2944,21130279,
Tìm kiếm và lựa chọn Dataset Phim,MAJOR,"<html>Tìm kiếm dataset phim có sẵn bao gồm thông tin phim (thể loại, đạo diễn) và/hoặc đánh giá của người dùng (ví dụ: MovieLens).</html>",2025-02-12,2025-02-17,sprint-1-6,DONE,PRACTICE,Research,21130326,20130237,Xác định nguồn dataset - Đánh giá độ lớn,MEDIUM,1,ed30f4f9-61ee-499c-b68d-e736c3290b2a,6,a7ad6071-11e1-453d-b30a-f19ceafc2944,21130279,
Thiết lập môi trường Python cho Recommendation,MINOR,"<html>Cài đặt Python, Pandas, Numpy và thư viện hỗ trợ xây dựng hệ thống gợi ý (nếu có, ví dụ: Surprise cho Collaborative Filtering).</html>",2025-02-09,2025-02-12,sprint-1-6,DONE,PRACTICE,Python,20130237,21130279,Cài đặt thư viện - Chuẩn bị môi trường,LOW,1,ed30f4f9-61ee-499c-b68d-e736c3290b2a,6,a7ad6071-11e1-453d-b30a-f19ceafc2944,21130279,
Tiền xử lý và chuẩn bị dữ liệu phim,MAJOR,"<html>Làm sạch dữ liệu phim, xử lý dữ liệu thiếu và chuẩn bị ma trận người dùng-phim hoặc ma trận đặc trưng phim.</html>",2025-02-20,2025-02-28,sprint-2-6,INPROCESS,PRACTICE,Python,21130279,21130326,Làm sạch dữ liệu - Xây dựng ma trận,HIGH,2,bc3884ae-e246-4001-857c-b2ddd16ec442,6,a7ad6071-11e1-453d-b30a-f19ceafc2944,21130279,
Phân tích thống kê dataset phim,MAJOR,"<html>Thống kê số lượng phim, người dùng, đánh giá và phân bố thể loại phim.</html>",2025-02-25,2025-03-03,sprint-2-6,INPROCESS,PRACTICE,Python,21130326,20130237,Thống kê đánh giá - Phân tích thể loại,MEDIUM,2,bc3884ae-e246-4001-857c-b2ddd16ec442,6,a7ad6071-11e1-453d-b30a-f19ceafc2944,21130279,
Xây dựng mô hình gợi ý dựa trên Content-based,MAJOR,<html>Xây dựng hệ thống gợi ý dựa trên nội dung bằng cách tính toán độ tương đồng giữa các phim dựa trên đặc trưng của chúng.</html>,2025-03-07,2025-03-14,sprint-3-6,TODO,PRACTICE,Python,21130279,21130326,Tính toán độ tương đồng - Tạo gợi ý,MEDIUM,3,746d0e99-8024-4fd8-8851-0ff42317774a,6,a7ad6071-11e1-453d-b30a-f19ceafc2944,21130279,
Xây dựng mô hình Collaborative Filtering cơ bản,MAJOR,<html>Xây dựng một mô hình Collaborative Filtering cơ bản (ví dụ: User-based hoặc Item-based) để gợi ý phim.</html>,2025-03-09,2025-03-16,sprint-3-6,TODO,PRACTICE,Python,21130326,20130237,Triển khai User-based CF - Triển khai Item-based CF,MEDIUM,3,746d0e99-8024-4fd8-8851-0ff42317774a,6,a7ad6071-11e1-453d-b30a-f19ceafc2944,21130279,
Đánh giá hiệu suất hệ thống gợi ý,MAJOR,"<html>Đánh giá các mô hình gợi ý bằng các chỉ số như Precision, Recall, MAE, RMSE.</html>",2025-03-15,2025-03-20,sprint-3-6,TODO,THEORY,Research,20130237,21130279,Tính toán Precision/Recall - Phân tích MAE/RMSE,HIGH,3,746d0e99-8024-4fd8-8851-0ff42317774a,6,a7ad6071-11e1-453d-b30a-f19ceafc2944,21130279,
Xây dựng giao diện gợi ý phim,MAJOR,<html>Phát triển một giao diện web đơn giản cho phép người dùng chọn một phim và nhận các gợi ý phim tương tự.</html>,2025-03-22,2025-03-30,sprint-5-6,TODO,PRACTICE,Python,21130279,21130326,Thiết kế giao diện người dùng - Kết nối mô hình gợi ý,MEDIUM,5,cd36124d-d149-4e1b-a716-63db9678cf63,6,a7ad6071-11e1-453d-b30a-f19ceafc2944,21130279,
Kiểm thử và demo hệ thống,MAJOR,<html>Kiểm thử hệ thống gợi ý với các trường hợp sử dụng khác nhau. Chuẩn bị cho buổi demo.</html>,2025-03-28,2025-04-04,sprint-5-6,TODO,PRACTICE,Research,21130326,20130237,Kiểm tra gợi ý - Thu thập phản hồi,HIGH,5,cd36124d-d149-4e1b-a716-63db9678cf63,6,a7ad6071-11e1-453d-b30a-f19ceafc2944,21130279,
Hiệu chỉnh và so sánh các chiến lược gợi ý,MAJOR,<html>Thử nghiệm các cách kết hợp hoặc hiệu chỉnh các mô hình gợi ý để cải thiện chất lượng gợi ý.</html>,2025-04-06,2025-04-12,sprint-4-6,TODO,PRACTICE,Python,21130279,21130326,Tối ưu hóa gợi ý - So sánh kết quả,HIGH,4,ed2bc749-adac-4f85-b07d-93f7dce64a41,6,a7ad6071-11e1-453d-b30a-f19ceafc2944,21130279,
Hoàn thiện tài liệu và mã nguồn,MAJOR,"<html>Tổng hợp toàn bộ quá trình, kết quả, và các bài học kinh nghiệm vào báo cáo. Sắp xếp mã nguồn dự án một cách khoa học.</html>",2025-04-10,2025-04-19,sprint-6-6,TODO,PRACTICE,Research,21130326,20130237,Viết phần phân tích - Chuẩn bị cho trình bày,MEDIUM,6,9d2d20a1-f820-4c32-9fab-cbc63a86a98d,6,a7ad6071-11e1-453d-b30a-f19ceafc2944,21130279,
Tìm hiểu về phát hiện gian lận,MAJOR,"<html>Nghiên cứu các phương pháp và thuật toán Machine Learning được sử dụng trong phát hiện gian lận (ví dụ: Isolation Forest, One-Class SVM, Logistic Regression).</html>",2025-02-10,2025-02-15,sprint-1-7,DONE,THEORY,Research,21130335,21130304,Khảo sát thuật toán - Đọc case study,MEDIUM,1,ed30f4f9-61ee-499c-b68d-e736c3290b2a,7,9c01574f-1df8-4111-a389-d48a27d93a7a,21130335,
Tìm kiếm và lựa chọn Dataset Giao dịch,MAJOR,<html>Tìm kiếm các bộ dữ liệu giao dịch giả lập hoặc công khai có chứa các trường hợp gian lận để sử dụng.</html>,2025-02-12,2025-02-17,sprint-1-7,DONE,PRACTICE,Research,21130304,21130309,Xác định nguồn dataset - Đánh giá độ lớn,MEDIUM,1,ed30f4f9-61ee-499c-b68d-e736c3290b2a,7,9c01574f-1df8-4111-a389-d48a27d93a7a,21130335,
Thiết lập môi trường cho phát hiện gian lận,MINOR,"<html>Cài đặt Python, Pandas, Scikit-learn và các thư viện hỗ trợ phân tích dữ liệu.</html>",2025-02-09,2025-02-12,sprint-1-7,DONE,PRACTICE,Python,21130309,21130335,Cài đặt thư viện - Chuẩn bị môi trường,LOW,1,ed30f4f9-61ee-499c-b68d-e736c3290b2a,7,9c01574f-1df8-4111-a389-d48a27d93a7a,21130335,
Tiền xử lý và cân bằng Dataset Gian lận,MAJOR,"<html>Xử lý dữ liệu thiếu, biến đổi dữ liệu nếu cần, và đặc biệt là xử lý vấn đề mất cân bằng lớp (imbalanced dataset) do số lượng giao dịch gian lận thường rất ít.</html>",2025-02-20,2025-02-28,sprint-2-7,INPROCESS,PRACTICE,Python,21130335,21130304,Xử lý missing values - Áp dụng Oversampling/Undersampling,HIGH,2,bc3884ae-e246-4001-857c-b2ddd16ec442,7,9c01574f-1df8-4111-a389-d48a27d93a7a,21130335,
Phân tích thống kê và trực quan hóa dữ liệu,MAJOR,"<html>Thực hiện phân tích thống kê mô tả, trực quan hóa dữ liệu để hiểu các đặc điểm của giao dịch hợp lệ và gian lận.</html>",2025-02-25,2025-03-03,sprint-2-7,INPROCESS,PRACTICE,Python,21130304,21130309,Biểu đồ phân bố - Phân tích đặc trưng,MEDIUM,2,bc3884ae-e246-4001-857c-b2ddd16ec442,7,9c01574f-1df8-4111-a389-d48a27d93a7a,21130335,
Lựa chọn đặc trưng và chia tách Dataset,MAJOR,<html>Áp dụng các kỹ thuật lựa chọn đặc trưng để tìm ra các đặc trưng quan trọng nhất trong việc phát hiện gian lận. Chia dataset.</html>,2025-02-28,2025-03-05,sprint-2-7,INPROCESS,PRACTICE,Python,21130309,21130335,Feature engineering - Train/Test split,HIGH,2,bc3884ae-e246-4001-857c-b2ddd16ec442,7,9c01574f-1df8-4111-a389-d48a27d93a7a,21130335,
Huấn luyện mô hình Isolation Forest,MAJOR,<html>Tiến hành huấn luyện mô hình Isolation Forest để phát hiện các điểm bất thường (gian lận).</html>,2025-03-07,2025-03-14,sprint-3-7,TODO,PRACTICE,Python,21130335,21130304,Huấn luyện Isolation Forest - Tinh chỉnh tham số,MEDIUM,3,746d0e99-8024-4fd8-8851-0ff42317774a,7,9c01574f-1df8-4111-a389-d48a27d93a7a,21130335,
Huấn luyện mô hình SVM (One-Class SVM),MAJOR,<html>Thử nghiệm huấn luyện One-Class SVM hoặc một mô hình phân loại khác để so sánh khả năng phát hiện gian lận.</html>,2025-03-09,2025-03-16,sprint-3-7,TODO,PRACTICE,Python,21130304,21130309,Huấn luyện One-Class SVM - So sánh hiệu suất,MEDIUM,3,746d0e99-8024-4fd8-8851-0ff42317774a,7,9c01574f-1df8-4111-a389-d48a27d93a7a,21130335,
Đánh giá hiệu suất mô hình phát hiện gian lận,MAJOR,"<html>Đánh giá các mô hình bằng Precision, Recall, F1-score, và đặc biệt là PR-Curve do tính chất mất cân bằng của dữ liệu.</html>",2025-03-15,2025-03-20,sprint-3-7,TODO,THEORY,Research,21130309,21130335,Tính toán PR-Curve - Phân tích ROC-AUC,HIGH,3,746d0e99-8024-4fd8-8851-0ff42317774a,7,9c01574f-1df8-4111-a389-d48a27d93a7a,21130335,
Xây dựng công cụ mô phỏng phát hiện gian lận,MAJOR,<html>Phát triển một công cụ đơn giản để mô phỏng việc nhận diện gian lận trong các giao dịch mới.</html>,2025-03-22,2025-03-30,sprint-5-7,TODO,PRACTICE,Python,21130335,21130304,Thiết kế giao diện mô phỏng - Tích hợp mô hình,MEDIUM,5,cd36124d-d149-4e1b-a716-63db9678cf63,7,9c01574f-1df8-4111-a389-d48a27d93a7a,21130335,
Kiểm thử và đánh giá trên dữ liệu thực tế (giả lập),MAJOR,<html>Kiểm thử mô hình với các trường hợp gian lận giả lập hoặc thực tế để đảm bảo độ chính xác.</html>,2025-03-28,2025-04-04,sprint-5-7,TODO,PRACTICE,Research,21130304,21130309,Kiểm tra tính năng - Đánh giá độ tin cậy,HIGH,5,cd36124d-d149-4e1b-a716-63db9678cf63,7,9c01574f-1df8-4111-a389-d48a27d93a7a,21130335,
Hiệu chỉnh và cải thiện mô hình,MAJOR,"<html>Thực hiện các bước hiệu chỉnh, ví dụ như điều chỉnh ngưỡng phân loại hoặc thử các kỹ thuật xử lý mất cân bằng lớp khác.</html>",2025-04-06,2025-04-12,sprint-4-7,TODO,PRACTICE,Python,21130335,21130304,Điều chỉnh ngưỡng - Cải thiện F1-score,HIGH,4,ed2bc749-adac-4f85-b07d-93f7dce64a41,7,9c01574f-1df8-4111-a389-d48a27d93a7a,21130335,
Hoàn thiện tài liệu và mã nguồn dự án,MAJOR,"<html>Viết báo cáo tổng kết dự án, tập trung vào các thách thức khi xử lý dữ liệu mất cân bằng và hiệu quả của các mô hình.</html>",2025-04-10,2025-04-19,sprint-6-7,TODO,PRACTICE,Research,21130304,21130309,Viết phần thách thức - Đóng gói mã nguồn,MEDIUM,6,9d2d20a1-f820-4c32-9fab-cbc63a86a98d,7,9c01574f-1df8-4111-a389-d48a27d93a7a,21130335,
Tìm hiểu về phân loại thực vật,MAJOR,"<html>Nghiên cứu các phương pháp và thuật toán Machine Learning được sử dụng để phân loại các đối tượng dựa trên đặc trưng hình thái (ví dụ: SVM, Decision Tree, KNN).</html>",2025-02-10,2025-02-15,sprint-1-8,DONE,THEORY,Research,20130224,20130225,Khảo sát các thuật toán - Đọc về phân loại hình ảnh,MEDIUM,1,ed30f4f9-61ee-499c-b68d-e736c3290b2a,8,a77f5dc6-7b43-4644-a8be-53dc2f96fa08,20130224,
Tìm kiếm và lựa chọn Dataset Thực vật,MAJOR,"<html>Tìm kiếm các bộ dữ liệu về thực vật có chứa hình ảnh hoặc các đặc trưng (ví dụ: Iris dataset, các dataset hoa/lá).</html>",2025-02-12,2025-02-17,sprint-1-8,DONE,PRACTICE,Research,20130225,21130042,Xác định nguồn dataset - Đánh giá độ lớn,MEDIUM,1,ed30f4f9-61ee-499c-b68d-e736c3290b2a,8,a77f5dc6-7b43-4644-a8be-53dc2f96fa08,20130224,
Thiết lập môi trường cho phân loại ảnh/dữ liệu,MINOR,"<html>Cài đặt Python, Scikit-learn, Pandas, Matplotlib và thư viện xử lý ảnh (PIL/Pillow hoặc OpenCV nếu dùng hình ảnh).</html>",2025-02-09,2025-02-12,sprint-1-8,DONE,PRACTICE,Python,21130042,20130224,Cài đặt thư viện - Chuẩn bị môi trường,LOW,1,ed30f4f9-61ee-499c-b68d-e736c3290b2a,8,a77f5dc6-7b43-4644-a8be-53dc2f96fa08,20130224,
Tiền xử lý và trích xuất đặc trưng,MAJOR,"<html>Nếu dùng hình ảnh, thực hiện trích xuất đặc trưng hình ảnh (ví dụ: màu sắc, hình dạng, texture). Nếu dùng dữ liệu số, xử lý dữ liệu thiếu và chuẩn hóa.</html>",2025-02-20,2025-02-28,sprint-2-8,INPROCESS,PRACTICE,Python,20130224,20130225,Trích xuất đặc trưng - Làm sạch dữ liệu,HIGH,2,bc3884ae-e246-4001-857c-b2ddd16ec442,8,a77f5dc6-7b43-4644-a8be-53dc2f96fa08,20130224,
Phân tích thống kê và trực quan hóa đặc trưng,MAJOR,"<html>Thực hiện phân tích thống kê mô tả về các đặc trưng đã trích xuất, trực quan hóa để hiểu sự khác biệt giữa các loài thực vật.</html>",2025-02-25,2025-03-03,sprint-2-8,INPROCESS,PRACTICE,Python,20130225,21130042,Biểu đồ phân bố - Phân tích mối quan hệ,MEDIUM,2,bc3884ae-e246-4001-857c-b2ddd16ec442,8,a77f5dc6-7b43-4644-a8be-53dc2f96fa08,20130224,
Chia tách dataset và chuẩn bị cho huấn luyện,MAJOR,<html>Chia dataset thành tập huấn luyện và kiểm tra. Đảm bảo dữ liệu được chuẩn bị sẵn sàng cho các mô hình phân loại.</html>,2025-02-28,2025-03-05,sprint-2-8,INPROCESS,PRACTICE,Python,21130042,20130224,Train/Test split - Kiểm tra định dạng dữ liệu,HIGH,2,bc3884ae-e246-4001-857c-b2ddd16ec442,8,a77f5dc6-7b43-4644-a8be-53dc2f96fa08,20130224,
Huấn luyện mô hình SVM cho phân loại thực vật,MAJOR,<html>Tiến hành huấn luyện mô hình Support Vector Machine (SVM) để phân loại các loài thực vật.</html>,2025-03-07,2025-03-14,sprint-3-8,TODO,PRACTICE,Python,20130224,20130225,Huấn luyện SVM - Tinh chỉnh tham số,MEDIUM,3,746d0e99-8024-4fd8-8851-0ff42317774a,8,a77f5dc6-7b43-4644-a8be-53dc2f96fa08,20130224,
Huấn luyện mô hình Decision Tree/Random Forest,MAJOR,<html>Thử nghiệm huấn luyện mô hình Decision Tree hoặc Random Forest để so sánh hiệu suất với SVM.</html>,2025-03-09,2025-03-16,sprint-3-8,TODO,PRACTICE,Python,20130225,21130042,Huấn luyện Decision Tree - Đánh giá hiệu quả,MEDIUM,3,746d0e99-8024-4fd8-8851-0ff42317774a,8,a77f5dc6-7b43-4644-a8be-53dc2f96fa08,20130224,
Đánh giá hiệu suất mô hình phân loại,MAJOR,"<html>Đánh giá các mô hình bằng Accuracy, Precision, Recall, F1-score và Confusion Matrix.</html>",2025-03-15,2025-03-20,sprint-3-8,TODO,THEORY,Research,21130042,20130224,Tính toán Accuracy - Vẽ Confusion Matrix,HIGH,3,746d0e99-8024-4fd8-8851-0ff42317774a,8,a77f5dc6-7b43-4644-a8be-53dc2f96fa08,20130224,
Xây dựng ứng dụng nhận diện thực vật đơn giản,MAJOR,<html>Phát triển một giao diện đơn giản cho phép người dùng nhập các đặc trưng (hoặc tải ảnh) và nhận diện loài thực vật.</html>,2025-03-22,2025-03-30,sprint-5-8,TODO,PRACTICE,Python,20130224,20130225,Thiết kế giao diện - Tích hợp mô hình,MEDIUM,5,cd36124d-d149-4e1b-a716-63db9678cf63,8,a77f5dc6-7b43-4644-a8be-53dc2f96fa08,20130224,
Kiểm thử ứng dụng với dữ liệu mới,MAJOR,<html>Kiểm thử ứng dụng với các mẫu thực vật mới để đánh giá độ chính xác và độ ổn định.</html>,2025-03-28,2025-04-04,sprint-5-8,TODO,PRACTICE,Research,20130225,21130042,Kiểm tra tính năng - Đánh giá độ tin cậy,HIGH,5,cd36124d-d149-4e1b-a716-63db9678cf63,8,a77f5dc6-7b43-4644-a8be-53dc2f96fa08,20130224,
Hiệu chỉnh và tối ưu mô hình phân loại,MAJOR,"<html>Thực hiện các bước hiệu chỉnh mô hình (ví dụ: điều chỉnh siêu tham số, thử các kỹ thuật Feature Engineering khác) để cải thiện độ chính xác.</html>",2025-04-06,2025-04-12,sprint-4-8,TODO,PRACTICE,Python,20130224,20130225,Tinh chỉnh siêu tham số - Thử nghiệm cải tiến,HIGH,4,ed2bc749-adac-4f85-b07d-93f7dce64a41,8,a77f5dc6-7b43-4644-a8be-53dc2f96fa08,20130224,
Hoàn thiện báo cáo và mã nguồn dự án,MAJOR,"<html>Tổng hợp toàn bộ quá trình, kết quả, và các bài học kinh nghiệm vào báo cáo. Chuẩn bị mã nguồn sạch sẽ và có tổ chức.</html>",2025-04-10,2025-04-19,sprint-6-8,TODO,PRACTICE,Research,20130225,21130042,Viết phần phân tích kết quả - Sắp xếp repo,MEDIUM,6,9d2d20a1-f820-4c32-9fab-cbc63a86a98d,8,a77f5dc6-7b43-4644-a8be-53dc2f96fa08,20130224,
Nghiên cứu các yếu tố ảnh hưởng doanh thu,MAJOR,"<html>Tìm hiểu các yếu tố có thể ảnh hưởng đến doanh thu bán hàng như quảng cáo, mùa vụ, các chiến dịch khuyến mãi, giá cả, v.v.</html>",2025-02-10,2025-02-15,sprint-1-9,DONE,THEORY,Research,21130359,21130386,Khảo sát các yếu tố - Phân tích xu hướng thị trường,MEDIUM,1,ed30f4f9-61ee-499c-b68d-e736c3290b2a,9,f731f169-2af8-43cc-b963-08028c3a484a,21130359,
Tìm kiếm và lựa chọn Dataset Doanh thu,MAJOR,"<html>Tìm kiếm các bộ dữ liệu bán hàng hoặc doanh thu có sẵn, bao gồm các thông tin về sản phẩm, marketing, thời gian.</html>",2025-02-12,2025-02-17,sprint-1-9,DONE,PRACTICE,Research,21130386,21130367,Xác định nguồn dataset - Đánh giá độ lớn,MEDIUM,1,ed30f4f9-61ee-499c-b68d-e736c3290b2a,9,f731f169-2af8-43cc-b963-08028c3a484a,21130359,
Thiết lập môi trường cho dự đoán doanh thu,MINOR,"<html>Cài đặt Python, Pandas, Scikit-learn và Matplotlib để tiền xử lý và phân tích dữ liệu chuỗi thời gian (nếu có).</html>",2025-02-09,2025-02-12,sprint-1-9,DONE,PRACTICE,Python,21130367,21130359,Cài đặt thư viện - Chuẩn bị môi trường,LOW,1,ed30f4f9-61ee-499c-b68d-e736c3290b2a,9,f731f169-2af8-43cc-b963-08028c3a484a,21130359,
Tiền xử lý và tạo đặc trưng thời gian,MAJOR,"<html>Xử lý dữ liệu thiếu, biến đổi các biến phân loại. Tạo các đặc trưng liên quan đến thời gian (ngày trong tuần, tháng, quý) nếu dữ liệu là chuỗi thời gian.</html>",2025-02-20,2025-02-28,sprint-2-9,INPROCESS,PRACTICE,Python,21130359,21130386,Xử lý missing values - Feature engineering thời gian,HIGH,2,bc3884ae-e246-4001-857c-b2ddd16ec442,9,f731f169-2af8-43cc-b963-08028c3a484a,21130359,
Phân tích xu hướng và mùa vụ của doanh thu,MAJOR,<html>Thực hiện phân tích xu hướng (trend) và tính mùa vụ (seasonality) trong dữ liệu doanh thu nếu là chuỗi thời gian.</html>,2025-02-25,2025-03-03,sprint-2-9,INPROCESS,PRACTICE,Python,21130386,21130367,Vẽ biểu đồ xu hướng - Phân tích chu kỳ,MEDIUM,2,bc3884ae-e246-4001-857c-b2ddd16ec442,9,f731f169-2af8-43cc-b963-08028c3a484a,21130359,
Chia tách Dataset và chuẩn hóa dữ liệu,MAJOR,<html>Chia dataset thành tập huấn luyện và kiểm tra. Chuẩn hóa dữ liệu số để phù hợp với mô hình hồi quy.</html>,2025-02-28,2025-03-05,sprint-2-9,INPROCESS,PRACTICE,Python,21130367,21130359,Train/Test split - Scaling dữ liệu,HIGH,2,bc3884ae-e246-4001-857c-b2ddd16ec442,9,f731f169-2af8-43cc-b963-08028c3a484a,21130359,
Huấn luyện mô hình Linear Regression,MAJOR,<html>Tiến hành huấn luyện mô hình Hồi quy tuyến tính (Linear Regression) để dự đoán doanh thu.</html>,2025-03-07,2025-03-14,sprint-3-9,TODO,PRACTICE,Python,21130359,21130386,Huấn luyện Linear Regression - Điều chỉnh mô hình,MEDIUM,3,746d0e99-8024-4fd8-8851-0ff42317774a,9,f731f169-2af8-43cc-b963-08028c3a484a,21130359,
Huấn luyện mô hình khác (ví dụ: Random Forest Regressor),MAJOR,<html>Thử nghiệm huấn luyện thêm một mô hình hồi quy khác như Random Forest Regressor để so sánh hiệu suất.</html>,2025-03-09,2025-03-16,sprint-3-9,TODO,PRACTICE,Python,21130386,21130367,Huấn luyện Random Forest - So sánh kết quả,MEDIUM,3,746d0e99-8024-4fd8-8851-0ff42317774a,9,f731f169-2af8-43cc-b963-08028c3a484a,21130359,
Đánh giá hiệu suất mô hình dự đoán doanh thu,MAJOR,"<html>Đánh giá các mô hình bằng các chỉ số như RMSE, MAE, R-squared.</html>",2025-03-15,2025-03-20,sprint-3-9,TODO,THEORY,Research,21130367,21130359,Tính toán RMSE/MAE - Phân tích R-squared,HIGH,3,746d0e99-8024-4fd8-8851-0ff42317774a,9,f731f169-2af8-43cc-b963-08028c3a484a,21130359,
Xây dựng công cụ dự đoán doanh thu,MAJOR,<html>Phát triển một công cụ đơn giản (ví dụ: command-line tool hoặc giao diện web nhỏ) cho phép người dùng nhập các yếu tố và nhận dự đoán doanh thu.</html>,2025-03-22,2025-03-30,sprint-5-9,TODO,PRACTICE,Python,21130359,21130386,Thiết kế giao diện - Tích hợp dự đoán,MEDIUM,5,cd36124d-d149-4e1b-a716-63db9678cf63,9,f731f169-2af8-43cc-b963-08028c3a484a,21130359,
Kiểm thử và demo dự án,MAJOR,<html>Kiểm thử công cụ dự đoán với các kịch bản khác nhau. Chuẩn bị demo kết quả.</html>,2025-03-28,2025-04-04,sprint-5-9,TODO,PRACTICE,Research,21130386,21130367,Kiểm tra tính năng - Demo hoạt động,HIGH,5,cd36124d-d149-4e1b-a716-63db9678cf63,9,f731f169-2af8-43cc-b963-08028c3a484a,21130359,
Hiệu chỉnh và tối ưu hóa dự đoán,MAJOR,<html>Phân tích các trường hợp dự đoán sai và tìm cách hiệu chỉnh mô hình để cải thiện độ chính xác.</html>,2025-04-06,2025-04-12,sprint-4-9,TODO,PRACTICE,Python,21130359,21130386,Phân tích lỗi dự đoán - Cải thiện mô hình,HIGH,4,ed2bc749-adac-4f85-b07d-93f7dce64a41,9,f731f169-2af8-43cc-b963-08028c3a484a,21130359,
Hoàn thiện báo cáo và mã nguồn,MAJOR,"<html>Tổng hợp toàn bộ dự án, bao gồm phân tích dữ liệu, mô hình hóa và kết quả. Đảm bảo mã nguồn được sắp xếp gọn gàng và dễ hiểu.</html>",2025-04-10,2025-04-19,sprint-6-9,TODO,PRACTICE,Research,21130386,21130367,Viết báo cáo cuối kỳ - Đóng gói mã nguồn,MEDIUM,6,9d2d20a1-f820-4c32-9fab-cbc63a86a98d,9,f731f169-2af8-43cc-b963-08028c3a484a,21130359,
Tìm hiểu về nhận diện khuôn mặt,MAJOR,"<html>Nghiên cứu các phương pháp và thuật toán cơ bản trong nhận diện khuôn mặt như trích xuất đặc trưng (Haar Cascades, HOG) và phân loại (SVM, KNN).</html>",2025-02-10,2025-02-15,sprint-1-10,DONE,THEORY,Research,21130371,21130390,Khảo sát các thuật toán - Đọc tài liệu Face Recognition,MEDIUM,1,ed30f4f9-61ee-499c-b68d-e736c3290b2a,10,24206d35-87b7-4e5c-9c1f-9e633f1698bd,21130371,
Tìm kiếm và lựa chọn Dataset Khuôn mặt,MAJOR,"<html>Tìm kiếm các bộ dữ liệu khuôn mặt đơn giản (ví dụ: Labeled Faces in the Wild - LFW Subset, AT&T Facedatabase) để huấn luyện.</html>",2025-02-12,2025-02-17,sprint-1-10,DONE,PRACTICE,Research,21130390,21130076,Xác định nguồn dataset - Đánh giá độ phù hợp,MEDIUM,1,ed30f4f9-61ee-499c-b68d-e736c3290b2a,10,24206d35-87b7-4e5c-9c1f-9e633f1698bd,21130371,
Thiết lập môi trường cho xử lý ảnh,MINOR,"<html>Cài đặt Python, OpenCV (cho xử lý ảnh và phát hiện khuôn mặt), Scikit-learn và Matplotlib.</html>",2025-02-09,2025-02-12,sprint-1-10,DONE,PRACTICE,Python,21130076,21130371,Cài đặt OpenCV - Chuẩn bị môi trường,LOW,1,ed30f4f9-61ee-499c-b68d-e736c3290b2a,10,24206d35-87b7-4e5c-9c1f-9e633f1698bd,21130371,
Tiền xử lý và trích xuất đặc trưng khuôn mặt,MAJOR,"<html>Thực hiện các bước tiền xử lý ảnh (resize, grayscale) và trích xuất đặc trưng khuôn mặt (ví dụ: sử dụng HOG features hoặc Haar Cascades để phát hiện).</html>",2025-02-20,2025-02-28,sprint-2-10,INPROCESS,PRACTICE,Python,21130371,21130390,Làm sạch ảnh - Trích xuất đặc trưng,HIGH,2,bc3884ae-e246-4001-857c-b2ddd16ec442,10,24206d35-87b7-4e5c-9c1f-9e633f1698bd,21130371,
Phân tích thống kê và trực quan hóa đặc trưng,MAJOR,"<html>Thực hiện phân tích thống kê mô tả về các đặc trưng khuôn mặt, trực quan hóa để hiểu sự khác biệt giữa các khuôn mặt.</html>",2025-02-25,2025-03-03,sprint-2-10,INPROCESS,PRACTICE,Python,21130390,21130076,Biểu đồ đặc trưng - Phân tích phân bố,MEDIUM,2,bc3884ae-e246-4001-857c-b2ddd16ec442,10,24206d35-87b7-4e5c-9c1f-9e633f1698bd,21130371,
Chia tách dataset và chuẩn bị dữ liệu,MAJOR,<html>Chia dataset thành tập huấn luyện và kiểm tra. Đảm bảo dữ liệu được chuẩn bị sẵn sàng cho các mô hình phân loại.</html>,2025-02-28,2025-03-05,sprint-2-10,INPROCESS,PRACTICE,Python,21130076,21130371,Train/Test split - Chuẩn bị dữ liệu cho mô hình,HIGH,2,bc3884ae-e246-4001-857c-b2ddd16ec442,10,24206d35-87b7-4e5c-9c1f-9e633f1698bd,21130371,
Huấn luyện mô hình SVM cho nhận diện,MAJOR,<html>Tiến hành huấn luyện mô hình Support Vector Machine (SVM) để phân loại các khuôn mặt.</html>,2025-03-07,2025-03-14,sprint-3-10,TODO,PRACTICE,Python,21130371,21130390,Huấn luyện SVM - Tinh chỉnh tham số,MEDIUM,3,746d0e99-8024-4fd8-8851-0ff42317774a,10,24206d35-87b7-4e5c-9c1f-9e633f1698bd,21130371,
Huấn luyện mô hình K-Nearest Neighbors (KNN),MAJOR,<html>Thử nghiệm huấn luyện mô hình K-Nearest Neighbors (KNN) để so sánh hiệu suất với SVM.</html>,2025-03-09,2025-03-16,sprint-3-10,TODO,PRACTICE,Python,21130390,21130076,Huấn luyện KNN - Đánh giá hiệu quả,MEDIUM,3,746d0e99-8024-4fd8-8851-0ff42317774a,10,24206d35-87b7-4e5c-9c1f-9e633f1698bd,21130371,
Đánh giá hiệu suất mô hình nhận diện khuôn mặt,MAJOR,"<html>Đánh giá các mô hình bằng Accuracy, Precision, Recall, F1-score và Confusion Matrix.</html>",2025-03-15,2025-03-20,sprint-3-10,TODO,THEORY,Research,21130076,21130371,Tính toán Accuracy - Vẽ Confusion Matrix,HIGH,3,746d0e99-8024-4fd8-8851-0ff42317774a,10,24206d35-87b7-4e5c-9c1f-9e633f1698bd,21130371,
Xây dựng ứng dụng nhận diện khuôn mặt đơn giản,MAJOR,<html>Phát triển một giao diện đơn giản (ví dụ: sử dụng OpenCV để chụp ảnh từ webcam và nhận diện).</html>,2025-03-22,2025-03-30,sprint-5-10,TODO,PRACTICE,Python,21130371,21130390,Thiết kế giao diện - Tích hợp mô hình,MEDIUM,5,cd36124d-d149-4e1b-a716-63db9678cf63,10,24206d35-87b7-4e5c-9c1f-9e633f1698bd,21130371,
Kiểm thử ứng dụng với các khuôn mặt mới,MAJOR,<html>Kiểm thử ứng dụng với các khuôn mặt mới (của các thành viên trong nhóm) để đánh giá độ chính xác và độ ổn định.</html>,2025-03-28,2025-04-04,sprint-5-10,TODO,PRACTICE,Research,21130390,21130076,Kiểm tra tính năng - Đánh giá độ tin cậy,HIGH,5,cd36124d-d149-4e1b-a716-63db9678cf63,10,24206d35-87b7-4e5c-9c1f-9e633f1698bd,21130371,
Hiệu chỉnh và tối ưu mô hình,MAJOR,"<html>Thực hiện các bước hiệu chỉnh mô hình (ví dụ: điều chỉnh siêu tham số, thử các phương pháp trích xuất đặc trưng khác) để cải thiện độ chính xác.</html>",2025-04-06,2025-04-12,sprint-4-10,TODO,PRACTICE,Python,21130371,21130390,Tinh chỉnh siêu tham số - Thử nghiệm cải tiến,HIGH,4,ed2bc749-adac-4f85-b07d-93f7dce64a41,10,24206d35-87b7-4e5c-9c1f-9e633f1698bd,21130371,
Hoàn thiện báo cáo và mã nguồn dự án,MAJOR,"<html>Tổng hợp toàn bộ quá trình, kết quả, và các bài học kinh nghiệm vào báo cáo. Chuẩn bị mã nguồn sạch sẽ và có tổ chức.</html>",2025-04-10,2025-04-19,sprint-6-10,TODO,PRACTICE,Research,21130390,21130076,Viết phần phân tích kết quả - Sắp xếp repo,MEDIUM,6,9d2d20a1-f820-4c32-9fab-cbc63a86a98d,10,24206d35-87b7-4e5c-9c1f-9e633f1698bd,21130371,
