name,priority,descriptions,start,end,sprintId,status,tag,topics,assigneeId,reviewerId,subtasks,complexOfDescription,sprint,projectId,sprint_map,project_map,uniId
Khảo sát thị trường nhà hàng,MAJOR,"<p>Nghiên cứu các ứng dụng đặt bàn hiện có, phân tích điểm mạnh yếu của đối thủ.</p>",2025-02-09,2025-02-13,sprint1_project1,DONE,THEORY,Research,21130320,21130416,Phân tích đối thủ - Xác định tính năng nổi bật,MEDIUM,1,project1,c469d85a-a19c-4411-88ca-c0041af4f8e5,821a94e2-eccb-4704-a2d6-2bd63068469a,21130320
Xác định yêu cầu chức năng cho ứng dụng đặt bàn,MAJOR,"<p>Thu thập và liệt kê các tính năng cần thiết cho ứng dụng (tìm kiếm, đặt bàn, xem menu).</p>",2025-02-10,2025-02-14,sprint1_project1,DONE,THEORY,Document,21130416,21130319,Phỏng vấn người dùng - Tổng hợp yêu cầu,MEDIUM,1,project1,c469d85a-a19c-4411-88ca-c0041af4f8e5,821a94e2-eccb-4704-a2d6-2bd63068469a,21130320
Thiết lập môi trường phát triển Android,MINOR,"<p>Cài đặt Android Studio, SDK và cấu hình project ban đầu.</p>",2025-02-11,2025-02-15,sprint1_project1,DONE,PRACTICE,Android,21130319,21130320,Cài đặt Android Studio - Khởi tạo project,LOW,1,project1,c469d85a-a19c-4411-88ca-c0041af4f8e5,821a94e2-eccb-4704-a2d6-2bd63068469a,21130320
Tìm hiểu kiến trúc Android cơ bản,MAJOR,"<p>Nghiên cứu về Activity, Fragment, Intent và vòng đời của chúng.</p>",2025-02-16,2025-02-20,sprint2_project1,INPROCESS,THEORY,Android,21130416,21130319,Đọc tài liệu Android - Chạy thử ví dụ,MEDIUM,2,project1,36524122-5b4b-47aa-8d46-d064c6cb28fd,821a94e2-eccb-4704-a2d6-2bd63068469a,21130320
Thiết kế giao diện Prototype trang chủ (XML),MAJOR,<p>Xây dựng layout XML cho trang chủ ứng dụng đặt bàn.</p>,2025-02-23,2025-03-01,sprint2_project1,TODO,PRACTICE,XML-Android,21130319,21130320,Vẽ wireframe - Code XML,MEDIUM,2,project1,36524122-5b4b-47aa-8d46-d064c6cb28fd,821a94e2-eccb-4704-a2d6-2bd63068469a,21130320
Phân tích thiết kế Database cho nhà hàng,MAJOR,"<p>Thiết kế cấu trúc cơ sở dữ liệu cho thông tin nhà hàng, món ăn, người dùng, đặt bàn.</p>",2025-02-25,2025-03-01,sprint2_project1,TODO,PRACTICE,Database-Document,21130320,21130416,Xác định bảng - Thiết lập mối quan hệ,MEDIUM,2,project1,36524122-5b4b-47aa-8d46-d064c6cb28fd,821a94e2-eccb-4704-a2d6-2bd63068469a,21130320
Hiện thực màn hình đăng nhập,MAJOR,<p>Code giao diện và logic đăng nhập người dùng vào ứng dụng.</p>,2025-03-02,2025-03-08,sprint3_project1,INPROCESS,PRACTICE,Android,21130319,21130320,Thiết kế layout - Xử lý input,MEDIUM,3,project1,dea18fd8-488a-4ba4-ab67-465749cc8498,821a94e2-eccb-4704-a2d6-2bd63068469a,21130320
Xây dựng API xác thực người dùng (Backend),MAJOR,"<p>Phát triển các API backend để xử lý đăng ký, đăng nhập và tạo token.</p>",2025-03-04,2025-03-08,sprint3_project1,TODO,PRACTICE,Research-Android,21130320,21130416,Thiết kế endpoint - Xử lý logic xác thực,MEDIUM,3,project1,dea18fd8-488a-4ba4-ab67-465749cc8498,821a94e2-eccb-4704-a2d6-2bd63068469a,21130320
Hiện thực chức năng đăng ký tài khoản,MAJOR,<p>Code giao diện và logic đăng ký tài khoản mới cho người dùng.</p>,2025-03-05,2025-03-08,sprint3_project1,TODO,PRACTICE,Android,21130416,21130319,Thiết kế form - Kết nối API,MEDIUM,3,project1,dea18fd8-488a-4ba4-ab67-465749cc8498,821a94e2-eccb-4704-a2d6-2bd63068469a,21130320
Hiện thực chức năng cập nhật thông tin cá nhân,MAJOR,"<p>Cho phép người dùng xem và chỉnh sửa thông tin cá nhân (tên, email, số điện thoại).</p>",2025-03-09,2025-03-15,sprint4_project1,INPROCESS,PRACTICE,Android,21130320,21130416,Thiết kế layout - Tích hợp API cập nhật,MEDIUM,4,project1,e3fcd8e9-d658-4bbe-bb8f-6bf08a593ad3,821a94e2-eccb-4704-a2d6-2bd63068469a,21130320
Hiện thực chức năng đổi mật khẩu,MAJOR,<p>Code giao diện và logic để người dùng có thể đổi mật khẩu của mình.</p>,2025-03-10,2025-03-15,sprint4_project1,TODO,PRACTICE,Android,21130416,21130319,Thiết kế form - Gửi yêu cầu đổi mật khẩu,MEDIUM,4,project1,e3fcd8e9-d658-4bbe-bb8f-6bf08a593ad3,821a94e2-eccb-4704-a2d6-2bd63068469a,21130320
Xây dựng API cho User Profile (Backend),MAJOR,<p>Phát triển API để lấy và cập nhật thông tin người dùng.</p>,2025-03-12,2025-03-15,sprint4_project1,TODO,PRACTICE,Research-Database,21130319,21130320,Thiết kế endpoint - Kết nối Database,MEDIUM,4,project1,e3fcd8e9-d658-4bbe-bb8f-6bf08a593ad3,821a94e2-eccb-4704-a2d6-2bd63068469a,21130320
Hiện thực chức năng tìm kiếm nhà hàng,MAJOR,"<p>Cho phép người dùng tìm kiếm nhà hàng theo tên, địa điểm, thể loại.</p>",2025-03-16,2025-03-29,sprint5_project1,INPROCESS,PRACTICE,Android-Database,21130416,21130319,Thiết kế giao diện tìm kiếm - Tích hợp API,MEDIUM,5,project1,d7111352-035f-46fa-9d96-85812f81b0f4,821a94e2-eccb-4704-a2d6-2bd63068469a,21130320
Xây dựng trang chi tiết nhà hàng và menu,MAJOR,"<p>Hiển thị thông tin chi tiết của nhà hàng, bao gồm menu và hình ảnh.</p>",2025-03-18,2025-03-29,sprint5_project1,TODO,PRACTICE,Android-XML,21130319,21130320,Thiết kế layout - Load dữ liệu từ API,MEDIUM,5,project1,d7111352-035f-46fa-9d96-85812f81b0f4,821a94e2-eccb-4704-a2d6-2bd63068469a,21130320
Hiện thực chức năng đặt bàn,MAJOR,"<p>Cho phép người dùng chọn thời gian, số lượng người và đặt bàn tại nhà hàng.</p>",2025-03-20,2025-03-29,sprint5_project1,TODO,PRACTICE,Android-Database,21130320,21130416,Thiết kế form đặt bàn - Gửi yêu cầu đặt bàn,MEDIUM,5,project1,d7111352-035f-46fa-9d96-85812f81b0f4,821a94e2-eccb-4704-a2d6-2bd63068469a,21130320
Xây dựng chức năng quản lý nhà hàng (Admin),MAJOR,"<p>Hiện thực giao diện và logic để quản lý thông tin nhà hàng (thêm, sửa, xóa).</p>",2025-03-30,2025-04-12,sprint6_project1,INPROCESS,PRACTICE,Android-Database,21130319,21130320,Thiết kế trang Admin - Xử lý CRUD nhà hàng,MEDIUM,6,project1,9a767bf6-8caf-43d2-b1d2-2e00b54bd6a7,821a94e2-eccb-4704-a2d6-2bd63068469a,21130320
Phát triển chức năng quản lý món ăn (Admin),MAJOR,"<p>Cho phép quản trị viên thêm, sửa, xóa món ăn và cập nhật giá.</p>",2025-04-02,2025-04-12,sprint6_project1,TODO,PRACTICE,Android-Database,21130320,21130416,Thiết kế form món ăn - Tích hợp API,MEDIUM,6,project1,9a767bf6-8caf-43d2-b1d2-2e00b54bd6a7,821a94e2-eccb-4704-a2d6-2bd63068469a,21130320
Xây dựng chức năng quản lý đặt bàn (Admin),MAJOR,<p>Cho phép quản trị viên xem và cập nhật trạng thái các đơn đặt bàn.</p>,2025-04-05,2025-04-12,sprint6_project1,TODO,PRACTICE,Android-Database,21130416,21130319,Thiết kế trang quản lý đặt bàn - Cập nhật trạng thái,MEDIUM,6,project1,9a767bf6-8caf-43d2-b1d2-2e00b54bd6a7,821a94e2-eccb-4704-a2d6-2bd63068469a,21130320
Kiểm thử chức năng tìm kiếm và đặt bàn,MAJOR,<p>Thực hiện kiểm thử để đảm bảo chức năng tìm kiếm và đặt bàn hoạt động đúng.</p>,2025-04-13,2025-04-19,sprint7_project1,INPROCESS,PRACTICE,Android-Research,21130320,21130416,Lập test case - Thực hiện test,MEDIUM,7,project1,f4b01b71-8ab6-4291-8fee-135a8f7c0d94,821a94e2-eccb-4704-a2d6-2bd63068469a,21130320
Kiểm thử và sửa lỗi giao diện người dùng,MAJOR,"<p>Kiểm tra tất cả các màn hình, đảm bảo giao diện hiển thị đúng và thân thiện.</p>",2025-04-15,2025-04-19,sprint7_project1,TODO,PRACTICE,Android-XML,21130416,21130319,Kiểm tra lỗi hiển thị - Điều chỉnh layout,MEDIUM,7,project1,f4b01b71-8ab6-4291-8fee-135a8f7c0d94,821a94e2-eccb-4704-a2d6-2bd63068469a,21130320
Đóng gói ứng dụng để kiểm thử (APK),MAJOR,<p>Tạo file APK để có thể cài đặt và kiểm thử ứng dụng trên thiết bị thật.</p>,2025-04-16,2025-04-19,sprint7_project1,TODO,PRACTICE,Android,21130319,21130320,Generate signed APK - Cài đặt trên thiết bị,MEDIUM,7,project1,f4b01b71-8ab6-4291-8fee-135a8f7c0d94,821a94e2-eccb-4704-a2d6-2bd63068469a,21130320
Chuẩn bị tài liệu hướng dẫn sử dụng,MAJOR,<p>Viết tài liệu hướng dẫn chi tiết cách sử dụng ứng dụng cho người dùng cuối.</p>,2025-04-20,2025-04-26,sprint8_project1,INPROCESS,THEORY,Document,21130416,21130319,Viết mô tả chức năng - Chụp ảnh màn hình,MEDIUM,8,project1,8b238fa2-6e02-47b0-8343-bd97d791ae65,821a94e2-eccb-4704-a2d6-2bd63068469a,21130320
Hoàn thiện tài liệu thiết kế hệ thống,MAJOR,"<p>Tổng hợp và hoàn thiện các tài liệu thiết kế cơ sở dữ liệu, kiến trúc hệ thống.</p>",2025-04-21,2025-04-26,sprint8_project1,TODO,THEORY,Document-Database,21130319,21130320,Review ERD - Cập nhật tài liệu kỹ thuật,MEDIUM,8,project1,8b238fa2-6e02-47b0-8343-bd97d791ae65,821a94e2-eccb-4704-a2d6-2bd63068469a,21130320
Hoàn thành báo cáo cuối kỳ,MAJOR,"<p>Tổng hợp các kết quả dự án, viết báo cáo và chuẩn bị slide thuyết trình.</p>",2025-04-23,2025-04-26,sprint8_project1,TODO,THEORY,Document,21130320,21130416,Viết tóm tắt dự án - Thiết kế slide,MEDIUM,8,project1,8b238fa2-6e02-47b0-8343-bd97d791ae65,821a94e2-eccb-4704-a2d6-2bd63068469a,21130320
Khảo sát nhu cầu học ngoại ngữ,MAJOR,<p>Nghiên cứu các ứng dụng học ngoại ngữ phổ biến và phương pháp học hiệu quả.</p>,2025-02-09,2025-02-13,sprint1_project2,DONE,THEORY,Research,21130451,21130444,Phân tích đối thủ - Đánh giá tính năng,MEDIUM,1,project2,c469d85a-a19c-4411-88ca-c0041af4f8e5,a07e9b37-4131-49bc-9b4a-f341ceb75e3c,21130451
Xác định các loại bài học và nội dung,MAJOR,"<p>Liệt kê các loại bài học (từ vựng, ngữ pháp, luyện nghe) và nội dung cần thiết.</p>",2025-02-10,2025-02-14,sprint1_project2,DONE,THEORY,Document,21130444,21130509,Xây dựng khung nội dung - Lên danh sách bài học,MEDIUM,1,project2,c469d85a-a19c-4411-88ca-c0041af4f8e5,a07e9b37-4131-49bc-9b4a-f341ceb75e3c,21130451
Thiết lập môi trường phát triển Android,MINOR,"<p>Cài đặt Android Studio, SDK và cấu hình project ban đầu.</p>",2025-02-11,2025-02-15,sprint1_project2,DONE,PRACTICE,Android,21130509,21130451,Cài đặt Android Studio - Khởi tạo project,LOW,1,project2,c469d85a-a19c-4411-88ca-c0041af4f8e5,a07e9b37-4131-49bc-9b4a-f341ceb75e3c,21130451
Tìm hiểu các thành phần giao diện Android (XML),MAJOR,"<p>Nghiên cứu về LinearLayout, RelativeLayout, RecyclerView và cách sử dụng XML.</p>",2025-02-16,2025-02-20,sprint2_project2,INPROCESS,THEORY,XML-Android,21130444,21130509,Đọc tài liệu XML - Thực hành ví dụ,MEDIUM,2,project2,36524122-5b4b-47aa-8d46-d064c6cb28fd,a07e9b37-4131-49bc-9b4a-f341ceb75e3c,21130451
Thiết kế Prototype cho màn hình chính,MAJOR,<p>Xây dựng layout XML cho màn hình chính của ứng dụng học ngoại ngữ.</p>,2025-02-23,2025-03-01,sprint2_project2,TODO,PRACTICE,XML-Android,21130509,21130451,Vẽ wireframe - Code XML,MEDIUM,2,project2,36524122-5b4b-47aa-8d46-d064c6cb28fd,a07e9b37-4131-49bc-9b4a-f341ceb75e3c,21130451
Phân tích thiết kế Database cho nội dung học,MAJOR,"<p>Thiết kế cấu trúc CSDL cho từ vựng, ngữ pháp, bài tập, người dùng.</p>",2025-02-25,2025-03-01,sprint2_project2,TODO,PRACTICE,Database-Document,21130451,21130444,Xác định bảng - Thiết lập mối quan hệ,MEDIUM,2,project2,36524122-5b4b-47aa-8d46-d064c6cb28fd,a07e9b37-4131-49bc-9b4a-f341ceb75e3c,21130451
Hiện thực màn hình đăng nhập,MAJOR,<p>Code giao diện và logic đăng nhập người dùng vào ứng dụng học ngoại ngữ.</p>,2025-03-02,2025-03-08,sprint3_project2,INPROCESS,PRACTICE,Android,21130509,21130451,Thiết kế layout - Xử lý input,MEDIUM,3,project2,dea18fd8-488a-4ba4-ab67-465749cc8498,a07e9b37-4131-49bc-9b4a-f341ceb75e3c,21130451
Xây dựng API xác thực người dùng (Backend),MAJOR,"<p>Phát triển các API backend để xử lý đăng ký, đăng nhập và tạo token.</p>",2025-03-04,2025-03-08,sprint3_project2,TODO,PRACTICE,Research-Android,21130451,21130444,Thiết kế endpoint - Xử lý logic xác thực,MEDIUM,3,project2,dea18fd8-488a-4ba4-ab67-465749cc8498,a07e9b37-4131-49bc-9b4a-f341ceb75e3c,21130451
Hiện thực chức năng đăng ký tài khoản,MAJOR,<p>Code giao diện và logic đăng ký tài khoản mới cho người dùng.</p>,2025-03-05,2025-03-08,sprint3_project2,TODO,PRACTICE,Android,21130444,21130509,Thiết kế form - Kết nối API,MEDIUM,3,project2,dea18fd8-488a-4ba4-ab67-465749cc8498,a07e9b37-4131-49bc-9b4a-f341ceb75e3c,21130451
Hiện thực chức năng cập nhật thông tin cá nhân,MAJOR,"<p>Cho phép người dùng xem và chỉnh sửa thông tin cá nhân (tên, email).</p>",2025-03-09,2025-03-15,sprint4_project2,INPROCESS,PRACTICE,Android,21130451,21130444,Thiết kế layout - Tích hợp API cập nhật,MEDIUM,4,project2,e3fcd8e9-d658-4bbe-bb8f-6bf08a593ad3,a07e9b37-4131-49bc-9b4a-f341ceb75e3c,21130451
Hiện thực chức năng đổi mật khẩu,MAJOR,<p>Code giao diện và logic để người dùng có thể đổi mật khẩu của mình.</p>,2025-03-10,2025-03-15,sprint4_project2,TODO,PRACTICE,Android,21130444,21130509,Thiết kế form - Gửi yêu cầu đổi mật khẩu,MEDIUM,4,project2,e3fcd8e9-d658-4bbe-bb8f-6bf08a593ad3,a07e9b37-4131-49bc-9b4a-f341ceb75e3c,21130451
Xây dựng API cho User Profile (Backend),MAJOR,<p>Phát triển API để lấy và cập nhật thông tin người dùng.</p>,2025-03-12,2025-03-15,sprint4_project2,TODO,PRACTICE,Research-Database,21130509,21130451,Thiết kế endpoint - Kết nối Database,MEDIUM,4,project2,e3fcd8e9-d658-4bbe-bb8f-6bf08a593ad3,a07e9b37-4131-49bc-9b4a-f341ceb75e3c,21130451
Hiện thực chức năng hiển thị danh sách bài học,MAJOR,"<p>Xây dựng màn hình hiển thị danh sách các bài học (từ vựng, ngữ pháp).</p>",2025-03-16,2025-03-29,sprint5_project2,INPROCESS,PRACTICE,Android-Database,21130444,21130509,Thiết kế layout - Tích hợp dữ liệu bài học,MEDIUM,5,project2,d7111352-035f-46fa-9d96-85812f81b0f4,a07e9b37-4131-49bc-9b4a-f341ceb75e3c,21130451
Hiện thực chức năng học từ vựng tương tác,MAJOR,"<p>Phát triển giao diện và logic cho các bài học từ vựng (flashcards, ghép nối).</p>",2025-03-18,2025-03-29,sprint5_project2,TODO,PRACTICE,Android-XML,21130509,21130451,Thiết kế hoạt động - Code logic tương tác,MEDIUM,5,project2,d7111352-035f-46fa-9d96-85812f81b0f4,a07e9b37-4131-49bc-9b4a-f341ceb75e3c,21130451
Hiện thực chức năng luyện nghe và phát âm,MAJOR,<p>Cho phép người dùng nghe các đoạn hội thoại và luyện phát âm.</p>,2025-03-20,2025-03-29,sprint5_project2,TODO,PRACTICE,Android,21130451,21130444,Tích hợp API âm thanh - Ghi âm phát âm,MEDIUM,5,project2,d7111352-035f-46fa-9d96-85812f81b0f4,a07e9b37-4131-49bc-9b4a-f341ceb75e3c,21130451
Xây dựng chức năng quản lý nội dung bài học (Admin),MAJOR,"<p>Hiện thực giao diện và logic để quản lý từ vựng, ngữ pháp, bài tập.</p>",2025-03-30,2025-04-12,sprint6_project2,INPROCESS,PRACTICE,Android-Database,21130509,21130451,Thiết kế trang Admin - Xử lý CRUD nội dung,MEDIUM,6,project2,9a767bf6-8caf-43d2-b1d2-2e00b54bd6a7,a07e9b37-4131-49bc-9b4a-f341ceb75e3c,21130451
Phát triển chức năng quản lý người dùng (Admin),MAJOR,<p>Cho phép quản trị viên xem và quản lý danh sách người dùng ứng dụng.</p>,2025-04-02,2025-04-12,sprint6_project2,TODO,PRACTICE,Android-Database,21130451,21130444,Thiết kế bảng người dùng - Cập nhật trạng thái,MEDIUM,6,project2,9a767bf6-8caf-43d2-b1d2-2e00b54bd6a7,a07e9b37-4131-49bc-9b4a-f341ceb75e3c,21130451
Xây dựng chức năng báo cáo tiến độ học tập (Admin),MAJOR,"<p>Tạo báo cáo thống kê về tiến độ học của người dùng (số bài hoàn thành, điểm).</p>",2025-04-05,2025-04-12,sprint6_project2,TODO,PRACTICE,Android-Database,21130444,21130509,Thiết kế biểu đồ - Tích hợp dữ liệu,MEDIUM,6,project2,9a767bf6-8caf-43d2-b1d2-2e00b54bd6a7,a07e9b37-4131-49bc-9b4a-f341ceb75e3c,21130451
Kiểm thử chức năng học từ vựng và ngữ pháp,MAJOR,<p>Thực hiện kiểm thử để đảm bảo các bài học tương tác hoạt động đúng.</p>,2025-04-13,2025-04-19,sprint7_project2,INPROCESS,PRACTICE,Android-Research,21130451,21130444,Lập test case - Thực hiện test,MEDIUM,7,project2,f4b01b71-8ab6-4291-8fee-135a8f7c0d94,a07e9b37-4131-49bc-9b4a-f341ceb75e3c,21130451
Kiểm thử và sửa lỗi giao diện người dùng,MAJOR,"<p>Kiểm tra tất cả các màn hình, đảm bảo giao diện hiển thị đúng và thân thiện.</p>",2025-04-15,2025-04-19,sprint7_project2,TODO,PRACTICE,Android-XML,21130444,21130509,Kiểm tra lỗi hiển thị - Điều chỉnh layout,MEDIUM,7,project2,f4b01b71-8ab6-4291-8fee-135a8f7c0d94,a07e9b37-4131-49bc-9b4a-f341ceb75e3c,21130451
Đóng gói ứng dụng để kiểm thử (APK),MAJOR,<p>Tạo file APK để có thể cài đặt và kiểm thử ứng dụng trên thiết bị thật.</p>,2025-04-16,2025-04-19,sprint7_project2,TODO,PRACTICE,Android,21130509,21130451,Generate signed APK - Cài đặt trên thiết bị,MEDIUM,7,project2,f4b01b71-8ab6-4291-8fee-135a8f7c0d94,a07e9b37-4131-49bc-9b4a-f341ceb75e3c,21130451
Chuẩn bị tài liệu hướng dẫn sử dụng,MAJOR,<p>Viết tài liệu hướng dẫn chi tiết cách sử dụng ứng dụng cho người dùng cuối.</p>,2025-04-20,2025-04-26,sprint8_project2,INPROCESS,THEORY,Document,21130444,21130509,Viết mô tả chức năng - Chụp ảnh màn hình,MEDIUM,8,project2,8b238fa2-6e02-47b0-8343-bd97d791ae65,a07e9b37-4131-49bc-9b4a-f341ceb75e3c,21130451
Hoàn thiện tài liệu thiết kế hệ thống,MAJOR,"<p>Tổng hợp và hoàn thiện các tài liệu thiết kế cơ sở dữ liệu, kiến trúc hệ thống.</p>",2025-04-21,2025-04-26,sprint8_project2,TODO,THEORY,Document-Database,21130509,21130451,Review ERD - Cập nhật tài liệu kỹ thuật,MEDIUM,8,project2,8b238fa2-6e02-47b0-8343-bd97d791ae65,a07e9b37-4131-49bc-9b4a-f341ceb75e3c,21130451
Hoàn thành báo cáo cuối kỳ,MAJOR,"<p>Tổng hợp các kết quả dự án, viết báo cáo và chuẩn bị slide thuyết trình.</p>",2025-04-23,2025-04-26,sprint8_project2,TODO,THEORY,Document,21130451,21130444,Viết tóm tắt dự án - Thiết kế slide,MEDIUM,8,project2,8b238fa2-6e02-47b0-8343-bd97d791ae65,a07e9b37-4131-49bc-9b4a-f341ceb75e3c,21130451
Khảo sát nhu cầu quản lý chi tiêu,MAJOR,<p>Nghiên cứu các ứng dụng quản lý chi tiêu hiện có và thói quen người dùng.</p>,2025-02-09,2025-02-13,sprint1_project3,DONE,THEORY,Research,21130601,21130612,Phân tích đối thủ - Xác định tính năng,MEDIUM,1,project3,c469d85a-a19c-4411-88ca-c0041af4f8e5,44a9f8f3-f606-4e67-bd4e-60565f542204,21130601
Xác định yêu cầu chức năng cho ứng dụng chi tiêu,MAJOR,"<p>Liệt kê các tính năng cần thiết (ghi chép thu chi, phân loại, báo cáo).</p>",2025-02-10,2025-02-14,sprint1_project3,DONE,THEORY,Document,21130612,21130219,Phỏng vấn người dùng - Tổng hợp yêu cầu,MEDIUM,1,project3,c469d85a-a19c-4411-88ca-c0041af4f8e5,44a9f8f3-f606-4e67-bd4e-60565f542204,21130601
Thiết lập môi trường phát triển Android,MINOR,"<p>Cài đặt Android Studio, SDK và cấu hình project ban đầu.</p>",2025-02-11,2025-02-15,sprint1_project3,DONE,PRACTICE,Android,21130219,21130601,Cài đặt Android Studio - Khởi tạo project,LOW,1,project3,c469d85a-a19c-4411-88ca-c0041af4f8e5,44a9f8f3-f606-4e67-bd4e-60565f542204,21130601
Tìm hiểu các mẫu thiết kế giao diện Android,MAJOR,<p>Nghiên cứu các Material Design components và cách áp dụng trong XML.</p>,2025-02-16,2025-02-20,sprint2_project3,INPROCESS,THEORY,XML-Android,21130612,21130219,Đọc tài liệu Material Design - Thực hành ví dụ,MEDIUM,2,project3,36524122-5b4b-47aa-8d46-d064c6cb28fd,44a9f8f3-f606-4e67-bd4e-60565f542204,21130601
Thiết kế Prototype cho màn hình ghi chép chi tiêu,MAJOR,<p>Xây dựng layout XML cho màn hình thêm giao dịch (thu/chi).</p>,2025-02-23,2025-03-01,sprint2_project3,TODO,PRACTICE,XML-Android,21130219,21130601,Vẽ wireframe - Code XML,MEDIUM,2,project3,36524122-5b4b-47aa-8d46-d064c6cb28fd,44a9f8f3-f606-4e67-bd4e-60565f542204,21130601
Phân tích thiết kế Database cho giao dịch,MAJOR,"<p>Thiết kế cấu trúc CSDL cho các bảng giao dịch, danh mục, ví.</p>",2025-02-25,2025-03-01,sprint2_project3,TODO,PRACTICE,Database-Document,21130601,21130612,Xác định bảng - Thiết lập mối quan hệ,MEDIUM,2,project3,36524122-5b4b-47aa-8d46-d064c6cb28fd,44a9f8f3-f606-4e67-bd4e-60565f542204,21130601
Hiện thực màn hình đăng nhập,MAJOR,<p>Code giao diện và logic đăng nhập người dùng vào ứng dụng chi tiêu.</p>,2025-03-02,2025-03-08,sprint3_project3,INPROCESS,PRACTICE,Android,21130219,21130601,Thiết kế layout - Xử lý input,MEDIUM,3,project3,dea18fd8-488a-4ba4-ab67-465749cc8498,44a9f8f3-f606-4e67-bd4e-60565f542204,21130601
Xây dựng API xác thực người dùng (Backend),MAJOR,"<p>Phát triển các API backend để xử lý đăng ký, đăng nhập và tạo token.</p>",2025-03-04,2025-03-08,sprint3_project3,TODO,PRACTICE,Research-Android,21130601,21130612,Thiết kế endpoint - Xử lý logic xác thực,MEDIUM,3,project3,dea18fd8-488a-4ba4-ab67-465749cc8498,44a9f8f3-f606-4e67-bd4e-60565f542204,21130601
Hiện thực chức năng đăng ký tài khoản,MAJOR,<p>Code giao diện và logic đăng ký tài khoản mới cho người dùng.</p>,2025-03-05,2025-03-08,sprint3_project3,TODO,PRACTICE,Android,21130612,21130219,Thiết kế form - Kết nối API,MEDIUM,3,project3,dea18fd8-488a-4ba4-ab67-465749cc8498,44a9f8f3-f606-4e67-bd4e-60565f542204,21130601
Hiện thực chức năng cập nhật thông tin cá nhân,MAJOR,"<p>Cho phép người dùng xem và chỉnh sửa thông tin cá nhân (tên, email).</p>",2025-03-09,2025-03-15,sprint4_project3,INPROCESS,PRACTICE,Android,21130601,21130612,Thiết kế layout - Tích hợp API cập nhật,MEDIUM,4,project3,e3fcd8e9-d658-4bbe-bb8f-6bf08a593ad3,44a9f8f3-f606-4e67-bd4e-60565f542204,21130601
Hiện thực chức năng đổi mật khẩu,MAJOR,<p>Code giao diện và logic để người dùng có thể đổi mật khẩu của mình.</p>,2025-03-10,2025-03-15,sprint4_project3,TODO,PRACTICE,Android,21130612,21130219,Thiết kế form - Gửi yêu cầu đổi mật khẩu,MEDIUM,4,project3,e3fcd8e9-d658-4bbe-bb8f-6bf08a593ad3,44a9f8f3-f606-4e67-bd4e-60565f542204,21130601
Xây dựng API cho User Profile (Backend),MAJOR,<p>Phát triển API để lấy và cập nhật thông tin người dùng.</p>,2025-03-12,2025-03-15,sprint4_project3,TODO,PRACTICE,Research-Database,21130219,21130601,Thiết kế endpoint - Kết nối Database,MEDIUM,4,project3,e3fcd8e9-d658-4bbe-bb8f-6bf08a593ad3,44a9f8f3-f606-4e67-bd4e-60565f542204,21130601
Hiện thực chức năng thêm giao dịch (thu/chi),MAJOR,<p>Xây dựng màn hình cho phép người dùng nhập chi tiết các khoản thu/chi.</p>,2025-03-16,2025-03-29,sprint5_project3,INPROCESS,PRACTICE,Android-Database,21130612,21130219,Thiết kế form giao dịch - Lưu vào CSDL,MEDIUM,5,project3,d7111352-035f-46fa-9d96-85812f81b0f4,44a9f8f3-f606-4e67-bd4e-60565f542204,21130601
Hiện thực chức năng phân loại giao dịch,MAJOR,"<p>Cho phép người dùng phân loại giao dịch vào các danh mục (ăn uống, đi lại, học tập).</p>",2025-03-18,2025-03-29,sprint5_project3,TODO,PRACTICE,Android-XML,21130219,21130601,Thiết kế dropdown danh mục - Áp dụng vào giao dịch,MEDIUM,5,project3,d7111352-035f-46fa-9d96-85812f81b0f4,44a9f8f3-f606-4e67-bd4e-60565f542204,21130601
Hiện thực chức năng xem lịch sử giao dịch,MAJOR,<p>Xây dựng màn hình hiển thị danh sách các giao dịch đã nhập.</p>,2025-03-20,2025-03-29,sprint5_project3,TODO,PRACTICE,Android-Database,21130601,21130612,Thiết kế layout danh sách - Load dữ liệu,MEDIUM,5,project3,d7111352-035f-46fa-9d96-85812f81b0f4,44a9f8f3-f606-4e67-bd4e-60565f542204,21130601
Xây dựng chức năng quản lý danh mục (Admin),MAJOR,"<p>Hiện thực giao diện và logic để quản lý các danh mục chi tiêu (thêm, sửa, xóa).</p>",2025-03-30,2025-04-12,sprint6_project3,INPROCESS,PRACTICE,Android-Database,21130219,21130601,Thiết kế trang Admin - Xử lý CRUD danh mục,MEDIUM,6,project3,9a767bf6-8caf-43d2-b1d2-2e00b54bd6a7,44a9f8f3-f606-4e67-bd4e-60565f542204,21130601
Phát triển chức năng quản lý người dùng (Admin),MAJOR,<p>Cho phép quản trị viên xem và quản lý danh sách người dùng ứng dụng.</p>,2025-04-02,2025-04-12,sprint6_project3,TODO,PRACTICE,Android-Database,21130601,21130612,Thiết kế bảng người dùng - Cập nhật trạng thái,MEDIUM,6,project3,9a767bf6-8caf-43d2-b1d2-2e00b54bd6a7,44a9f8f3-f606-4e67-bd4e-60565f542204,21130601
Xây dựng chức năng xem báo cáo thống kê (Admin),MAJOR,"<p>Tạo biểu đồ và báo cáo về tình hình thu chi theo thời gian, danh mục.</p>",2025-04-05,2025-04-12,sprint6_project3,TODO,PRACTICE,Android-Database,21130612,21130219,Thiết kế biểu đồ - Tích hợp dữ liệu,MEDIUM,6,project3,9a767bf6-8caf-43d2-b1d2-2e00b54bd6a7,44a9f8f3-f606-4e67-bd4e-60565f542204,21130601
Kiểm thử chức năng thêm/sửa/xóa giao dịch,MAJOR,<p>Thực hiện kiểm thử để đảm bảo các thao tác với giao dịch hoạt động đúng.</p>,2025-04-13,2025-04-19,sprint7_project3,INPROCESS,PRACTICE,Android-Research,21130601,21130612,Lập test case - Thực hiện test,MEDIUM,7,project3,f4b01b71-8ab6-4291-8fee-135a8f7c0d94,44a9f8f3-f606-4e67-bd4e-60565f542204,21130601
Kiểm thử và sửa lỗi giao diện người dùng,MAJOR,"<p>Kiểm tra tất cả các màn hình, đảm bảo giao diện hiển thị đúng và thân thiện.</p>",2025-04-15,2025-04-19,sprint7_project3,TODO,PRACTICE,Android-XML,21130612,21130219,Kiểm tra lỗi hiển thị - Điều chỉnh layout,MEDIUM,7,project3,f4b01b71-8ab6-4291-8fee-135a8f7c0d94,44a9f8f3-f606-4e67-bd4e-60565f542204,21130601
Đóng gói ứng dụng để kiểm thử (APK),MAJOR,<p>Tạo file APK để có thể cài đặt và kiểm thử ứng dụng trên thiết bị thật.</p>,2025-04-16,2025-04-19,sprint7_project3,TODO,PRACTICE,Android,21130219,21130601,Generate signed APK - Cài đặt trên thiết bị,MEDIUM,7,project3,f4b01b71-8ab6-4291-8fee-135a8f7c0d94,44a9f8f3-f606-4e67-bd4e-60565f542204,21130601
Chuẩn bị tài liệu hướng dẫn sử dụng,MAJOR,<p>Viết tài liệu hướng dẫn chi tiết cách sử dụng ứng dụng cho người dùng cuối.</p>,2025-04-20,2025-04-26,sprint8_project3,INPROCESS,THEORY,Document,21130612,21130219,Viết mô tả chức năng - Chụp ảnh màn hình,MEDIUM,8,project3,8b238fa2-6e02-47b0-8343-bd97d791ae65,44a9f8f3-f606-4e67-bd4e-60565f542204,21130601
Hoàn thiện tài liệu thiết kế hệ thống,MAJOR,"<p>Tổng hợp và hoàn thiện các tài liệu thiết kế cơ sở dữ liệu, kiến trúc hệ thống.</p>",2025-04-21,2025-04-26,sprint8_project3,TODO,THEORY,Document-Database,21130219,21130601,Review ERD - Cập nhật tài liệu kỹ thuật,MEDIUM,8,project3,8b238fa2-6e02-47b0-8343-bd97d791ae65,44a9f8f3-f606-4e67-bd4e-60565f542204,21130601
Hoàn thành báo cáo cuối kỳ,MAJOR,"<p>Tổng hợp các kết quả dự án, viết báo cáo và chuẩn bị slide thuyết trình.</p>",2025-04-23,2025-04-26,sprint8_project3,TODO,THEORY,Document,21130601,21130612,Viết tóm tắt dự án - Thiết kế slide,MEDIUM,8,project3,8b238fa2-6e02-47b0-8343-bd97d791ae65,44a9f8f3-f606-4e67-bd4e-60565f542204,21130601
Khảo sát các ứng dụng đọc tin tức hiện có,MAJOR,<p>Nghiên cứu các ứng dụng đọc tin tức phổ biến và tính năng nổi bật của chúng.</p>,2025-02-09,2025-02-13,sprint1_project4,DONE,THEORY,Research,21130363,21130175,Phân tích đối thủ - Đánh giá tính năng,MEDIUM,1,project4,c469d85a-a19c-4411-88ca-c0041af4f8e5,da74a26f-8184-4270-b594-cb1a11fdcb78,21130363
Xác định yêu cầu chức năng và nguồn tin tức,MAJOR,"<p>Liệt kê các tính năng cần thiết (tùy chỉnh nguồn, lưu tin, đọc offline).</p>",2025-02-10,2025-02-14,sprint1_project4,DONE,THEORY,Document,21130175,21130171,Phỏng vấn người dùng - Tổng hợp yêu cầu,MEDIUM,1,project4,c469d85a-a19c-4411-88ca-c0041af4f8e5,da74a26f-8184-4270-b594-cb1a11fdcb78,21130363
Thiết lập môi trường phát triển Android,MINOR,"<p>Cài đặt Android Studio, SDK và cấu hình project ban đầu.</p>",2025-02-11,2025-02-15,sprint1_project4,DONE,PRACTICE,Android,21130171,21130363,Cài đặt Android Studio - Khởi tạo project,LOW,1,project4,c469d85a-a19c-4411-88ca-c0041af4f8e5,da74a26f-8184-4270-b594-cb1a11fdcb78,21130363
Tìm hiểu kiến trúc Fragment và Navigation Component,MAJOR,<p>Nghiên cứu cách sử dụng Fragment để xây dựng giao diện đa màn hình.</p>,2025-02-16,2025-02-20,sprint2_project4,INPROCESS,THEORY,Android-Research,21130175,21130171,Đọc tài liệu Fragment - Thực hành ví dụ,MEDIUM,2,project4,36524122-5b4b-47aa-8d46-d064c6cb28fd,da74a26f-8184-4270-b594-cb1a11fdcb78,21130363
Thiết kế Prototype cho màn hình danh sách tin tức,MAJOR,<p>Xây dựng layout XML cho màn hình chính hiển thị danh sách các bài tin.</p>,2025-02-23,2025-03-01,sprint2_project4,TODO,PRACTICE,XML-Android,21130171,21130363,Vẽ wireframe - Code XML,MEDIUM,2,project4,36524122-5b4b-47aa-8d46-d064c6cb28fd,da74a26f-8184-4270-b594-cb1a11fdcb78,21130363
Phân tích thiết kế Database cho tin tức,MAJOR,"<p>Thiết kế cấu trúc CSDL để lưu trữ tin tức, nguồn tin, danh mục, người dùng.</p>",2025-02-25,2025-03-01,sprint2_project4,TODO,PRACTICE,Database-Document,21130363,21130175,Xác định bảng - Thiết lập mối quan hệ,MEDIUM,2,project4,36524122-5b4b-47aa-8d46-d064c6cb28fd,da74a26f-8184-4270-b594-cb1a11fdcb78,21130363
Hiện thực màn hình đăng nhập,MAJOR,<p>Code giao diện và logic đăng nhập người dùng vào ứng dụng đọc tin tức.</p>,2025-03-02,2025-03-08,sprint3_project4,INPROCESS,PRACTICE,Android,21130171,21130363,Thiết kế layout - Xử lý input,MEDIUM,3,project4,dea18fd8-488a-4ba4-ab67-465749cc8498,da74a26f-8184-4270-b594-cb1a11fdcb78,21130363
Xây dựng API xác thực người dùng (Backend),MAJOR,"<p>Phát triển các API backend để xử lý đăng ký, đăng nhập và tạo token.</p>",2025-03-04,2025-03-08,sprint3_project4,TODO,PRACTICE,Research-Android,21130363,21130175,Thiết kế endpoint - Xử lý logic xác thực,MEDIUM,3,project4,dea18fd8-488a-4ba4-ab67-465749cc8498,da74a26f-8184-4270-b594-cb1a11fdcb78,21130363
Hiện thực chức năng đăng ký tài khoản,MAJOR,<p>Code giao diện và logic đăng ký tài khoản mới cho người dùng.</p>,2025-03-05,2025-03-08,sprint3_project4,TODO,PRACTICE,Android,21130175,21130171,Thiết kế form - Kết nối API,MEDIUM,3,project4,dea18fd8-488a-4ba4-ab67-465749cc8498,da74a26f-8184-4270-b594-cb1a11fdcb78,21130363
Hiện thực chức năng cập nhật thông tin cá nhân,MAJOR,"<p>Cho phép người dùng xem và chỉnh sửa thông tin cá nhân (tên, email).</p>",2025-03-09,2025-03-15,sprint4_project4,INPROCESS,PRACTICE,Android,21130363,21130175,Thiết kế layout - Tích hợp API cập nhật,MEDIUM,4,project4,e3fcd8e9-d658-4bbe-bb8f-6bf08a593ad3,da74a26f-8184-4270-b594-cb1a11fdcb78,21130363
Hiện thực chức năng đổi mật khẩu,MAJOR,<p>Code giao diện và logic để người dùng có thể đổi mật khẩu của mình.</p>,2025-03-10,2025-03-15,sprint4_project4,TODO,PRACTICE,Android,21130175,21130171,Thiết kế form - Gửi yêu cầu đổi mật khẩu,MEDIUM,4,project4,e3fcd8e9-d658-4bbe-bb8f-6bf08a593ad3,da74a26f-8184-4270-b594-cb1a11fdcb78,21130363
Xây dựng API cho User Profile (Backend),MAJOR,<p>Phát triển API để lấy và cập nhật thông tin người dùng.</p>,2025-03-12,2025-03-15,sprint4_project4,TODO,PRACTICE,Research-Database,21130171,21130363,Thiết kế endpoint - Kết nối Database,MEDIUM,4,project4,e3fcd8e9-d658-4bbe-bb8f-6bf08a593ad3,da74a26f-8184-4270-b594-cb1a11fdcb78,21130363
Hiện thực chức năng hiển thị danh sách tin tức,MAJOR,<p>Xây dựng màn hình hiển thị danh sách các bài tin từ các nguồn khác nhau.</p>,2025-03-16,2025-03-29,sprint5_project4,INPROCESS,PRACTICE,Android-Database,21130175,21130171,Thiết kế layout - Tích hợp dữ liệu từ API,MEDIUM,5,project4,d7111352-035f-46fa-9d96-85812f81b0f4,da74a26f-8184-4270-b594-cb1a11fdcb78,21130363
Hiện thực chức năng xem chi tiết tin tức,MAJOR,<p>Cho phép người dùng xem nội dung đầy đủ của một bài tin.</p>,2025-03-18,2025-03-29,sprint5_project4,TODO,PRACTICE,Android-XML,21130171,21130363,Thiết kế layout chi tiết - Hiển thị nội dung,MEDIUM,5,project4,d7111352-035f-46fa-9d96-85812f81b0f4,da74a26f-8184-4270-b594-cb1a11fdcb78,21130363
Hiện thực chức năng tùy chỉnh danh mục tin tức,MAJOR,<p>Cho phép người dùng chọn/bỏ chọn các danh mục tin tức yêu thích.</p>,2025-03-20,2025-03-29,sprint5_project4,TODO,PRACTICE,Android-Database,21130363,21130175,Thiết kế giao diện tùy chỉnh - Lưu lựa chọn,MEDIUM,5,project4,d7111352-035f-46fa-9d96-85812f81b0f4,da74a26f-8184-4270-b594-cb1a11fdcb78,21130363
Xây dựng chức năng quản lý nguồn tin (Admin),MAJOR,"<p>Hiện thực giao diện và logic để quản lý các nguồn tin tức (thêm, sửa, xóa).</p>",2025-03-30,2025-04-12,sprint6_project4,INPROCESS,PRACTICE,Android-Database,21130171,21130363,Thiết kế trang Admin - Xử lý CRUD nguồn tin,MEDIUM,6,project4,9a767bf6-8caf-43d2-b1d2-2e00b54bd6a7,da74a26f-8184-4270-b594-cb1a11fdcb78,21130363
Phát triển chức năng quản lý người dùng (Admin),MAJOR,<p>Cho phép quản trị viên xem và quản lý danh sách người dùng ứng dụng.</p>,2025-04-02,2025-04-12,sprint6_project4,TODO,PRACTICE,Android-Database,21130363,21130175,Thiết kế bảng người dùng - Cập nhật trạng thái,MEDIUM,6,project4,9a767bf6-8caf-43d2-b1d2-2e00b54bd6a7,da74a26f-8184-4270-b594-cb1a11fdcb78,21130363
Xây dựng chức năng báo cáo hoạt động người dùng (Admin),MAJOR,"<p>Tạo báo cáo thống kê về các tin tức được đọc nhiều, danh mục phổ biến.</p>",2025-04-05,2025-04-12,sprint6_project4,TODO,PRACTICE,Android-Database,21130175,21130171,Thiết kế biểu đồ - Tích hợp dữ liệu,MEDIUM,6,project4,9a767bf6-8caf-43d2-b1d2-2e00b54bd6a7,da74a26f-8184-4270-b594-cb1a11fdcb78,21130363
Kiểm thử chức năng đọc tin tức và tùy chỉnh,MAJOR,<p>Thực hiện kiểm thử để đảm bảo người dùng có thể đọc tin và tùy chỉnh nguồn.</p>,2025-04-13,2025-04-19,sprint7_project4,INPROCESS,PRACTICE,Android-Research,21130363,21130175,Lập test case - Thực hiện test,MEDIUM,7,project4,f4b01b71-8ab6-4291-8fee-135a8f7c0d94,da74a26f-8184-4270-b594-cb1a11fdcb78,21130363
Kiểm thử và sửa lỗi giao diện người dùng,MAJOR,"<p>Kiểm tra tất cả các màn hình, đảm bảo giao diện hiển thị đúng và thân thiện.</p>",2025-04-15,2025-04-19,sprint7_project4,TODO,PRACTICE,Android-XML,21130175,21130171,Kiểm tra lỗi hiển thị - Điều chỉnh layout,MEDIUM,7,project4,f4b01b71-8ab6-4291-8fee-135a8f7c0d94,da74a26f-8184-4270-b594-cb1a11fdcb78,21130363
Đóng gói ứng dụng để kiểm thử (APK),MAJOR,<p>Tạo file APK để có thể cài đặt và kiểm thử ứng dụng trên thiết bị thật.</p>,2025-04-16,2025-04-19,sprint7_project4,TODO,PRACTICE,Android,21130171,21130363,Generate signed APK - Cài đặt trên thiết bị,MEDIUM,7,project4,f4b01b71-8ab6-4291-8fee-135a8f7c0d94,da74a26f-8184-4270-b594-cb1a11fdcb78,21130363
Chuẩn bị tài liệu hướng dẫn sử dụng,MAJOR,<p>Viết tài liệu hướng dẫn chi tiết cách sử dụng ứng dụng cho người dùng cuối.</p>,2025-04-20,2025-04-26,sprint8_project4,INPROCESS,THEORY,Document,21130175,21130171,Viết mô tả chức năng - Chụp ảnh màn hình,MEDIUM,8,project4,8b238fa2-6e02-47b0-8343-bd97d791ae65,da74a26f-8184-4270-b594-cb1a11fdcb78,21130363
Hoàn thiện tài liệu thiết kế hệ thống,MAJOR,"<p>Tổng hợp và hoàn thiện các tài liệu thiết kế cơ sở dữ liệu, kiến trúc hệ thống.</p>",2025-04-21,2025-04-26,sprint8_project4,TODO,THEORY,Document-Database,21130171,21130363,Review ERD - Cập nhật tài liệu kỹ thuật,MEDIUM,8,project4,8b238fa2-6e02-47b0-8343-bd97d791ae65,da74a26f-8184-4270-b594-cb1a11fdcb78,21130363
Hoàn thành báo cáo cuối kỳ,MAJOR,"<p>Tổng hợp các kết quả dự án, viết báo cáo và chuẩn bị slide thuyết trình.</p>",2025-04-23,2025-04-26,sprint8_project4,TODO,THEORY,Document,21130363,21130175,Viết tóm tắt dự án - Thiết kế slide,MEDIUM,8,project4,8b238fa2-6e02-47b0-8343-bd97d791ae65,da74a26f-8184-4270-b594-cb1a11fdcb78,21130363
Khảo sát các ứng dụng sức khỏe hiện có,MAJOR,<p>Nghiên cứu các ứng dụng theo dõi sức khỏe và thể dục phổ biến.</p>,2025-02-09,2025-02-13,sprint1_project5,DONE,THEORY,Research,22130001,20130196,Phân tích đối thủ - Đánh giá tính năng,MEDIUM,1,project5,c469d85a-a19c-4411-88ca-c0041af4f8e5,7d22f387-ce6e-4cec-869a-f335bcedb155,22130001
Xác định yêu cầu chức năng theo dõi hoạt động,MAJOR,"<p>Liệt kê các tính năng cần thiết (theo dõi bước chân, calo, giấc ngủ).</p>",2025-02-10,2025-02-14,sprint1_project5,DONE,THEORY,Document,20130196,21130004,Phỏng vấn người dùng - Tổng hợp yêu cầu,MEDIUM,1,project5,c469d85a-a19c-4411-88ca-c0041af4f8e5,7d22f387-ce6e-4cec-869a-f335bcedb155,22130001
Thiết lập môi trường phát triển Android,MINOR,"<p>Cài đặt Android Studio, SDK và cấu hình project ban đầu.</p>",2025-02-11,2025-02-15,sprint1_project5,DONE,PRACTICE,Android,21130004,22130001,Cài đặt Android Studio - Khởi tạo project,LOW,1,project5,c469d85a-a19c-4411-88ca-c0041af4f8e5,7d22f387-ce6e-4cec-869a-f335bcedb155,22130001
Tìm hiểu các API cảm biến của Android,MAJOR,"<p>Nghiên cứu cách truy cập và sử dụng các cảm biến (gia tốc kế, con quay hồi chuyển).</p>",2025-02-16,2025-02-20,sprint2_project5,INPROCESS,THEORY,Android-Research,20130196,21130004,Đọc tài liệu Sensor API - Thực hành ví dụ,MEDIUM,2,project5,36524122-5b4b-47aa-8d46-d064c6cb28fd,7d22f387-ce6e-4cec-869a-f335bcedb155,22130001
Thiết kế Prototype cho màn hình Dashboard,MAJOR,<p>Xây dựng layout XML cho màn hình chính hiển thị tổng quan hoạt động.</p>,2025-02-23,2025-03-01,sprint2_project5,TODO,PRACTICE,XML-Android,21130004,22130001,Vẽ wireframe - Code XML,MEDIUM,2,project5,36524122-5b4b-47aa-8d46-d064c6cb28fd,7d22f387-ce6e-4cec-869a-f335bcedb155,22130001
Phân tích thiết kế Database cho dữ liệu sức khỏe,MAJOR,"<p>Thiết kế cấu trúc CSDL để lưu trữ dữ liệu hoạt động, giấc ngủ, calo, người dùng.</p>",2025-02-25,2025-03-01,sprint2_project5,TODO,PRACTICE,Database-Document,22130001,20130196,Xác định bảng - Thiết lập mối quan hệ,MEDIUM,2,project5,36524122-5b4b-47aa-8d46-d064c6cb28fd,7d22f387-ce6e-4cec-869a-f335bcedb155,22130001
Hiện thực màn hình đăng nhập,MAJOR,<p>Code giao diện và logic đăng nhập người dùng vào ứng dụng sức khỏe.</p>,2025-03-02,2025-03-08,sprint3_project5,INPROCESS,PRACTICE,Android,21130004,22130001,Thiết kế layout - Xử lý input,MEDIUM,3,project5,dea18fd8-488a-4ba4-ab67-465749cc8498,7d22f387-ce6e-4cec-869a-f335bcedb155,22130001
Xây dựng API xác thực người dùng (Backend),MAJOR,"<p>Phát triển các API backend để xử lý đăng ký, đăng nhập và tạo token.</p>",2025-03-04,2025-03-08,sprint3_project5,TODO,PRACTICE,Research-Android,22130001,20130196,Thiết kế endpoint - Xử lý logic xác thực,MEDIUM,3,project5,dea18fd8-488a-4ba4-ab67-465749cc8498,7d22f387-ce6e-4cec-869a-f335bcedb155,22130001
Hiện thực chức năng đăng ký tài khoản,MAJOR,<p>Code giao diện và logic đăng ký tài khoản mới cho người dùng.</p>,2025-03-05,2025-03-08,sprint3_project5,TODO,PRACTICE,Android,20130196,21130004,Thiết kế form - Kết nối API,MEDIUM,3,project5,dea18fd8-488a-4ba4-ab67-465749cc8498,7d22f387-ce6e-4cec-869a-f335bcedb155,22130001
Hiện thực chức năng cập nhật thông tin cá nhân,MAJOR,"<p>Cho phép người dùng xem và chỉnh sửa thông tin cá nhân (chiều cao, cân nặng).</p>",2025-03-09,2025-03-15,sprint4_project5,INPROCESS,PRACTICE,Android,22130001,20130196,Thiết kế layout - Tích hợp API cập nhật,MEDIUM,4,project5,e3fcd8e9-d658-4bbe-bb8f-6bf08a593ad3,7d22f387-ce6e-4cec-869a-f335bcedb155,22130001
Hiện thực chức năng đổi mật khẩu,MAJOR,<p>Code giao diện và logic để người dùng có thể đổi mật khẩu của mình.</p>,2025-03-10,2025-03-15,sprint4_project5,TODO,PRACTICE,Android,20130196,21130004,Thiết kế form - Gửi yêu cầu đổi mật khẩu,MEDIUM,4,project5,e3fcd8e9-d658-4bbe-bb8f-6bf08a593ad3,7d22f387-ce6e-4cec-869a-f335bcedb155,22130001
Xây dựng API cho User Profile (Backend),MAJOR,<p>Phát triển API để lấy và cập nhật thông tin người dùng.</p>,2025-03-12,2025-03-15,sprint4_project5,TODO,PRACTICE,Research-Database,21130004,22130001,Thiết kế endpoint - Kết nối Database,MEDIUM,4,project5,e3fcd8e9-d658-4bbe-bb8f-6bf08a593ad3,7d22f387-ce6e-4cec-869a-f335bcedb155,22130001
Hiện thực chức năng theo dõi bước chân,MAJOR,<p>Tích hợp API cảm biến để đếm số bước chân của người dùng.</p>,2025-03-16,2025-03-29,sprint5_project5,INPROCESS,PRACTICE,Android-Database,20130196,21130004,Nghiên cứu Sensor API - Ghi nhận dữ liệu,MEDIUM,5,project5,d7111352-035f-46fa-9d96-85812f81b0f4,7d22f387-ce6e-4cec-869a-f335bcedb155,22130001
Hiện thực chức năng tính toán calo tiêu thụ,MAJOR,<p>Phát triển logic tính toán calo dựa trên hoạt động và thông tin cá nhân.</p>,2025-03-18,2025-03-29,sprint5_project5,TODO,PRACTICE,Android-Research,21130004,22130001,Nghiên cứu công thức tính calo - Code logic,MEDIUM,5,project5,d7111352-035f-46fa-9d96-85812f81b0f4,7d22f387-ce6e-4cec-869a-f335bcedb155,22130001
Hiện thực chức năng ghi nhận giấc ngủ,MAJOR,<p>Cho phép người dùng ghi nhận thời gian bắt đầu và kết thúc giấc ngủ.</p>,2025-03-20,2025-03-29,sprint5_project5,TODO,PRACTICE,Android-Database,22130001,20130196,Thiết kế giao diện - Lưu dữ liệu giấc ngủ,MEDIUM,5,project5,d7111352-035f-46fa-9d96-85812f81b0f4,7d22f387-ce6e-4cec-869a-f335bcedb155,22130001
Xây dựng chức năng quản lý người dùng (Admin),MAJOR,<p>Hiện thực giao diện và logic để quản lý danh sách người dùng ứng dụng.</p>,2025-03-30,2025-04-12,sprint6_project5,INPROCESS,PRACTICE,Android-Database,21130004,22130001,Thiết kế trang Admin - Xử lý CRUD người dùng,MEDIUM,6,project5,9a767bf6-8caf-43d2-b1d2-2e00b54bd6a7,7d22f387-ce6e-4cec-869a-f335bcedb155,22130001
Phát triển chức năng quản lý dữ liệu sức khỏe (Admin),MAJOR,<p>Cho phép quản trị viên xem và quản lý dữ liệu hoạt động của người dùng (nếu cần).</p>,2025-04-02,2025-04-12,sprint6_project5,TODO,PRACTICE,Android-Database,22130001,20130196,Thiết kế bảng dữ liệu sức khỏe - Cập nhật dữ liệu,MEDIUM,6,project5,9a767bf6-8caf-43d2-b1d2-2e00b54bd6a7,7d22f387-ce6e-4cec-869a-f335bcedb155,22130001
Xây dựng chức năng báo cáo sức khỏe tổng quan (Admin),MAJOR,"<p>Tạo báo cáo thống kê về hoạt động, calo, giấc ngủ của người dùng.</p>",2025-04-05,2025-04-12,sprint6_project5,TODO,PRACTICE,Android-Database,20130196,21130004,Thiết kế biểu đồ - Tích hợp dữ liệu,MEDIUM,6,project5,9a767bf6-8caf-43d2-b1d2-2e00b54bd6a7,7d22f387-ce6e-4cec-869a-f335bcedb155,22130001
Kiểm thử chức năng theo dõi hoạt động,MAJOR,"<p>Thực hiện kiểm thử để đảm bảo tính năng theo dõi bước chân, calo hoạt động đúng.</p>",2025-04-13,2025-04-19,sprint7_project5,INPROCESS,PRACTICE,Android-Research,22130001,20130196,Lập test case - Thực hiện test,MEDIUM,7,project5,f4b01b71-8ab6-4291-8fee-135a8f7c0d94,7d22f387-ce6e-4cec-869a-f335bcedb155,22130001
Kiểm thử và sửa lỗi giao diện người dùng,MAJOR,"<p>Kiểm tra tất cả các màn hình, đảm bảo giao diện hiển thị đúng và thân thiện.</p>",2025-04-15,2025-04-19,sprint7_project5,TODO,PRACTICE,Android-XML,20130196,21130004,Kiểm tra lỗi hiển thị - Điều chỉnh layout,MEDIUM,7,project5,f4b01b71-8ab6-4291-8fee-135a8f7c0d94,7d22f387-ce6e-4cec-869a-f335bcedb155,22130001
Đóng gói ứng dụng để kiểm thử (APK),MAJOR,<p>Tạo file APK để có thể cài đặt và kiểm thử ứng dụng trên thiết bị thật.</p>,2025-04-16,2025-04-19,sprint7_project5,TODO,PRACTICE,Android,21130004,22130001,Generate signed APK - Cài đặt trên thiết bị,MEDIUM,7,project5,f4b01b71-8ab6-4291-8fee-135a8f7c0d94,7d22f387-ce6e-4cec-869a-f335bcedb155,22130001
Chuẩn bị tài liệu hướng dẫn sử dụng,MAJOR,<p>Viết tài liệu hướng dẫn chi tiết cách sử dụng ứng dụng cho người dùng cuối.</p>,2025-04-20,2025-04-26,sprint8_project5,INPROCESS,THEORY,Document,20130196,21130004,Viết mô tả chức năng - Chụp ảnh màn hình,MEDIUM,8,project5,8b238fa2-6e02-47b0-8343-bd97d791ae65,7d22f387-ce6e-4cec-869a-f335bcedb155,22130001
Hoàn thiện tài liệu thiết kế hệ thống,MAJOR,"<p>Tổng hợp và hoàn thiện các tài liệu thiết kế cơ sở dữ liệu, kiến trúc hệ thống.</p>",2025-04-21,2025-04-26,sprint8_project5,TODO,THEORY,Document-Database,21130004,22130001,Review ERD - Cập nhật tài liệu kỹ thuật,MEDIUM,8,project5,8b238fa2-6e02-47b0-8343-bd97d791ae65,7d22f387-ce6e-4cec-869a-f335bcedb155,22130001
Hoàn thành báo cáo cuối kỳ,MAJOR,"<p>Tổng hợp các kết quả dự án, viết báo cáo và chuẩn bị slide thuyết trình.</p>",2025-04-23,2025-04-26,sprint8_project5,TODO,THEORY,Document,22130001,20130196,Viết tóm tắt dự án - Thiết kế slide,MEDIUM,8,project5,8b238fa2-6e02-47b0-8343-bd97d791ae65,7d22f387-ce6e-4cec-869a-f335bcedb155,22130001
Khảo sát các ứng dụng quản lý công việc hiện có,MAJOR,<p>Nghiên cứu các ứng dụng To-Do List phổ biến và tính năng của chúng.</p>,2025-02-09,2025-02-13,sprint1_project6,DONE,THEORY,Research,21130279,21130326,Phân tích đối thủ - Đánh giá tính năng,MEDIUM,1,project6,c469d85a-a19c-4411-88ca-c0041af4f8e5,01c990e3-aa4b-48a8-a9e0-d3321f2bbdeb,21130279
Xác định yêu cầu chức năng cho ứng dụng quản lý công việc,MAJOR,"<p>Liệt kê các tính năng cần thiết (thêm/xóa/sửa nhiệm vụ, nhắc nhở, phân loại).</p>",2025-02-10,2025-02-14,sprint1_project6,DONE,THEORY,Document,21130326,20130237,Phỏng vấn người dùng - Tổng hợp yêu cầu,MEDIUM,1,project6,c469d85a-a19c-4411-88ca-c0041af4f8e5,01c990e3-aa4b-48a8-a9e0-d3321f2bbdeb,21130279
Thiết lập môi trường phát triển Android,MINOR,"<p>Cài đặt Android Studio, SDK và cấu hình project ban đầu.</p>",2025-02-11,2025-02-15,sprint1_project6,DONE,PRACTICE,Android,20130237,21130279,Cài đặt Android Studio - Khởi tạo project,LOW,1,project6,c469d85a-a19c-4411-88ca-c0041af4f8e5,01c990e3-aa4b-48a8-a9e0-d3321f2bbdeb,21130279
Tìm hiểu cách xây dựng giao diện động (RecyclerView),MAJOR,<p>Nghiên cứu RecyclerView để hiển thị danh sách công việc một cách hiệu quả.</p>,2025-02-16,2025-02-20,sprint2_project6,INPROCESS,THEORY,Android-XML,21130326,20130237,Đọc tài liệu RecyclerView - Thực hành ví dụ,MEDIUM,2,project6,36524122-5b4b-47aa-8d46-d064c6cb28fd,01c990e3-aa4b-48a8-a9e0-d3321f2bbdeb,21130279
Thiết kế Prototype cho màn hình danh sách công việc,MAJOR,<p>Xây dựng layout XML cho màn hình chính hiển thị danh sách các nhiệm vụ.</p>,2025-02-23,2025-03-01,sprint2_project6,TODO,PRACTICE,XML-Android,20130237,21130279,Vẽ wireframe - Code XML,MEDIUM,2,project6,36524122-5b4b-47aa-8d46-d064c6cb28fd,01c990e3-aa4b-48a8-a9e0-d3321f2bbdeb,21130279
Phân tích thiết kế Database cho công việc,MAJOR,"<p>Thiết kế cấu trúc CSDL để lưu trữ nhiệm vụ, danh mục, trạng thái, người dùng.</p>",2025-02-25,2025-03-01,sprint2_project6,TODO,PRACTICE,Database-Document,21130279,21130326,Xác định bảng - Thiết lập mối quan hệ,MEDIUM,2,project6,36524122-5b4b-47aa-8d46-d064c6cb28fd,01c990e3-aa4b-48a8-a9e0-d3321f2bbdeb,21130279
Hiện thực màn hình đăng nhập,MAJOR,<p>Code giao diện và logic đăng nhập người dùng vào ứng dụng quản lý công việc.</p>,2025-03-02,2025-03-08,sprint3_project6,INPROCESS,PRACTICE,Android,20130237,21130279,Thiết kế layout - Xử lý input,MEDIUM,3,project6,dea18fd8-488a-4ba4-ab67-465749cc8498,01c990e3-aa4b-48a8-a9e0-d3321f2bbdeb,21130279
Xây dựng API xác thực người dùng (Backend),MAJOR,"<p>Phát triển các API backend để xử lý đăng ký, đăng nhập và tạo token.</p>",2025-03-04,2025-03-08,sprint3_project6,TODO,PRACTICE,Research-Android,21130279,21130326,Thiết kế endpoint - Xử lý logic xác thực,MEDIUM,3,project6,dea18fd8-488a-4ba4-ab67-465749cc8498,01c990e3-aa4b-48a8-a9e0-d3321f2bbdeb,21130279
Hiện thực chức năng đăng ký tài khoản,MAJOR,<p>Code giao diện và logic đăng ký tài khoản mới cho người dùng.</p>,2025-03-05,2025-03-08,sprint3_project6,TODO,PRACTICE,Android,21130326,20130237,Thiết kế form - Kết nối API,MEDIUM,3,project6,dea18fd8-488a-4ba4-ab67-465749cc8498,01c990e3-aa4b-48a8-a9e0-d3321f2bbdeb,21130279
Hiện thực chức năng cập nhật thông tin cá nhân,MAJOR,"<p>Cho phép người dùng xem và chỉnh sửa thông tin cá nhân (tên, email).</p>",2025-03-09,2025-03-15,sprint4_project6,INPROCESS,PRACTICE,Android,21130279,21130326,Thiết kế layout - Tích hợp API cập nhật,MEDIUM,4,project6,e3fcd8e9-d658-4bbe-bb8f-6bf08a593ad3,01c990e3-aa4b-48a8-a9e0-d3321f2bbdeb,21130279
Hiện thực chức năng đổi mật khẩu,MAJOR,<p>Code giao diện và logic để người dùng có thể đổi mật khẩu của mình.</p>,2025-03-10,2025-03-15,sprint4_project6,TODO,PRACTICE,Android,21130326,20130237,Thiết kế form - Gửi yêu cầu đổi mật khẩu,MEDIUM,4,project6,e3fcd8e9-d658-4bbe-bb8f-6bf08a593ad3,01c990e3-aa4b-48a8-a9e0-d3321f2bbdeb,21130279
Xây dựng API cho User Profile (Backend),MAJOR,<p>Phát triển API để lấy và cập nhật thông tin người dùng.</p>,2025-03-12,2025-03-15,sprint4_project6,TODO,PRACTICE,Research-Database,20130237,21130279,Thiết kế endpoint - Kết nối Database,MEDIUM,4,project6,e3fcd8e9-d658-4bbe-bb8f-6bf08a593ad3,01c990e3-aa4b-48a8-a9e0-d3321f2bbdeb,21130279
Hiện thực chức năng thêm/sửa/xóa công việc,MAJOR,<p>Xây dựng giao diện và logic cho phép người dùng quản lý các nhiệm vụ của mình.</p>,2025-03-16,2025-03-29,sprint5_project6,INPROCESS,PRACTICE,Android-Database,21130326,20130237,Thiết kế form công việc - Lưu/xóa/sửa trong CSDL,MEDIUM,5,project6,d7111352-035f-46fa-9d96-85812f81b0f4,01c990e3-aa4b-48a8-a9e0-d3321f2bbdeb,21130279
Hiện thực chức năng đặt nhắc nhở cho công việc,MAJOR,<p>Cho phép người dùng thiết lập thời gian nhắc nhở cho từng nhiệm vụ.</p>,2025-03-18,2025-03-29,sprint5_project6,TODO,PRACTICE,Android,20130237,21130279,Tích hợp API Notification - Thiết lập nhắc nhở,MEDIUM,5,project6,d7111352-035f-46fa-9d96-85812f81b0f4,01c990e3-aa4b-48a8-a9e0-d3321f2bbdeb,21130279
Hiện thực chức năng phân loại công việc theo danh mục,MAJOR,"<p>Cho phép người dùng gán danh mục cho từng công việc (cá nhân, công việc, mua sắm).</p>",2025-03-20,2025-03-29,sprint5_project6,TODO,PRACTICE,Android-Database,21130279,21130326,Thiết kế giao diện - Lưu danh mục vào CSDL,MEDIUM,5,project6,d7111352-035f-46fa-9d96-85812f81b0f4,01c990e3-aa4b-48a8-a9e0-d3321f2bbdeb,21130279
Xây dựng chức năng quản lý danh mục công việc (Admin),MAJOR,"<p>Hiện thực giao diện và logic để quản lý các danh mục công việc (thêm, sửa, xóa).</p>",2025-03-30,2025-04-12,sprint6_project6,INPROCESS,PRACTICE,Android-Database,20130237,21130279,Thiết kế trang Admin - Xử lý CRUD danh mục,MEDIUM,6,project6,9a767bf6-8caf-43d2-b1d2-2e00b54bd6a7,01c990e3-aa4b-48a8-a9e0-d3321f2bbdeb,21130279
Phát triển chức năng quản lý người dùng (Admin),MAJOR,<p>Cho phép quản trị viên xem và quản lý danh sách người dùng ứng dụng.</p>,2025-04-02,2025-04-12,sprint6_project6,TODO,PRACTICE,Android-Database,21130279,21130326,Thiết kế bảng người dùng - Cập nhật trạng thái,MEDIUM,6,project6,9a767bf6-8caf-43d2-b1d2-2e00b54bd6a7,01c990e3-aa4b-48a8-a9e0-d3321f2bbdeb,21130279
Xây dựng chức năng báo cáo tiến độ công việc (Admin),MAJOR,"<p>Tạo báo cáo thống kê về số lượng công việc hoàn thành, đang chờ.</p>",2025-04-05,2025-04-12,sprint6_project6,TODO,PRACTICE,Android-Database,21130326,20130237,Thiết kế biểu đồ - Tích hợp dữ liệu,MEDIUM,6,project6,9a767bf6-8caf-43d2-b1d2-2e00b54bd6a7,01c990e3-aa4b-48a8-a9e0-d3321f2bbdeb,21130279
Kiểm thử chức năng quản lý công việc và nhắc nhở,MAJOR,<p>Thực hiện kiểm thử để đảm bảo các thao tác với công việc và nhắc nhở hoạt động đúng.</p>,2025-04-13,2025-04-19,sprint7_project6,INPROCESS,PRACTICE,Android-Research,21130279,21130326,Lập test case - Thực hiện test,MEDIUM,7,project6,f4b01b71-8ab6-4291-8fee-135a8f7c0d94,01c990e3-aa4b-48a8-a9e0-d3321f2bbdeb,21130279
Kiểm thử và sửa lỗi giao diện người dùng,MAJOR,"<p>Kiểm tra tất cả các màn hình, đảm bảo giao diện hiển thị đúng và thân thiện.</p>",2025-04-15,2025-04-19,sprint7_project6,TODO,PRACTICE,Android-XML,21130326,20130237,Kiểm tra lỗi hiển thị - Điều chỉnh layout,MEDIUM,7,project6,f4b01b71-8ab6-4291-8fee-135a8f7c0d94,01c990e3-aa4b-48a8-a9e0-d3321f2bbdeb,21130279
Đóng gói ứng dụng để kiểm thử (APK),MAJOR,<p>Tạo file APK để có thể cài đặt và kiểm thử ứng dụng trên thiết bị thật.</p>,2025-04-16,2025-04-19,sprint7_project6,TODO,PRACTICE,Android,20130237,21130279,Generate signed APK - Cài đặt trên thiết bị,MEDIUM,7,project6,f4b01b71-8ab6-4291-8fee-135a8f7c0d94,01c990e3-aa4b-48a8-a9e0-d3321f2bbdeb,21130279
Chuẩn bị tài liệu hướng dẫn sử dụng,MAJOR,<p>Viết tài liệu hướng dẫn chi tiết cách sử dụng ứng dụng cho người dùng cuối.</p>,2025-04-20,2025-04-26,sprint8_project6,INPROCESS,THEORY,Document,21130326,20130237,Viết mô tả chức năng - Chụp ảnh màn hình,MEDIUM,8,project6,8b238fa2-6e02-47b0-8343-bd97d791ae65,01c990e3-aa4b-48a8-a9e0-d3321f2bbdeb,21130279
Hoàn thiện tài liệu thiết kế hệ thống,MAJOR,"<p>Tổng hợp và hoàn thiện các tài liệu thiết kế cơ sở dữ liệu, kiến trúc hệ thống.</p>",2025-04-21,2025-04-26,sprint8_project6,TODO,THEORY,Document-Database,20130237,21130279,Review ERD - Cập nhật tài liệu kỹ thuật,MEDIUM,8,project6,8b238fa2-6e02-47b0-8343-bd97d791ae65,01c990e3-aa4b-48a8-a9e0-d3321f2bbdeb,21130279
Hoàn thành báo cáo cuối kỳ,MAJOR,"<p>Tổng hợp các kết quả dự án, viết báo cáo và chuẩn bị slide thuyết trình.</p>",2025-04-23,2025-04-26,sprint8_project6,TODO,THEORY,Document,21130279,21130326,Viết tóm tắt dự án - Thiết kế slide,MEDIUM,8,project6,8b238fa2-6e02-47b0-8343-bd97d791ae65,01c990e3-aa4b-48a8-a9e0-d3321f2bbdeb,21130279
Khảo sát các ứng dụng mua sắm thực phẩm online,MAJOR,<p>Nghiên cứu các ứng dụng mua sắm thực phẩm phổ biến và nhu cầu khách hàng.</p>,2025-02-09,2025-02-13,sprint1_project7,DONE,THEORY,Research,21130335,21130304,Phân tích đối thủ - Đánh giá tính năng,MEDIUM,1,project7,c469d85a-a19c-4411-88ca-c0041af4f8e5,fe397364-f244-4936-a271-946a8ffd3f1a,21130335
Xác định yêu cầu chức năng cho ứng dụng mua sắm thực phẩm,MAJOR,"<p>Liệt kê các tính năng cần thiết (tìm kiếm, giỏ hàng, đặt hàng, giao hàng).</p>",2025-02-10,2025-02-14,sprint1_project7,DONE,THEORY,Document,21130304,21130309,Phỏng vấn người dùng - Tổng hợp yêu cầu,MEDIUM,1,project7,c469d85a-a19c-4411-88ca-c0041af4f8e5,fe397364-f244-4936-a271-946a8ffd3f1a,21130335
Thiết lập môi trường phát triển Android,MINOR,"<p>Cài đặt Android Studio, SDK và cấu hình project ban đầu.</p>",2025-02-11,2025-02-15,sprint1_project7,DONE,PRACTICE,Android,21130309,21130335,Cài đặt Android Studio - Khởi tạo project,LOW,1,project7,c469d85a-a19c-4411-88ca-c0041af4f8e5,fe397364-f244-4936-a271-946a8ffd3f1a,21130335
Tìm hiểu cách xây dựng giao diện sản phẩm phức tạp,MAJOR,"<p>Nghiên cứu cách hiển thị danh sách sản phẩm với hình ảnh, mô tả, giá.</p>",2025-02-16,2025-02-20,sprint2_project7,INPROCESS,THEORY,Android-XML,21130304,21130309,Đọc tài liệu RecyclerView - Thiết kế Item Layout,MEDIUM,2,project7,36524122-5b4b-47aa-8d46-d064c6cb28fd,fe397364-f244-4936-a271-946a8ffd3f1a,21130335
Thiết kế Prototype cho màn hình danh sách sản phẩm,MAJOR,<p>Xây dựng layout XML cho màn hình hiển thị danh sách các loại thực phẩm.</p>,2025-02-23,2025-03-01,sprint2_project7,TODO,PRACTICE,XML-Android,21130309,21130335,Vẽ wireframe - Code XML,MEDIUM,2,project7,36524122-5b4b-47aa-8d46-d064c6cb28fd,fe397364-f244-4936-a271-946a8ffd3f1a,21130335
Phân tích thiết kế Database cho sản phẩm thực phẩm,MAJOR,"<p>Thiết kế cấu trúc CSDL để lưu trữ thông tin sản phẩm, danh mục, cửa hàng.</p>",2025-02-25,2025-03-01,sprint2_project7,TODO,PRACTICE,Database-Document,21130335,21130304,Xác định bảng - Thiết lập mối quan hệ,MEDIUM,2,project7,36524122-5b4b-47aa-8d46-d064c6cb28fd,fe397364-f244-4936-a271-946a8ffd3f1a,21130335
Hiện thực màn hình đăng nhập,MAJOR,<p>Code giao diện và logic đăng nhập người dùng vào ứng dụng mua sắm thực phẩm.</p>,2025-03-02,2025-03-08,sprint3_project7,INPROCESS,PRACTICE,Android,21130309,21130335,Thiết kế layout - Xử lý input,MEDIUM,3,project7,dea18fd8-488a-4ba4-ab67-465749cc8498,fe397364-f244-4936-a271-946a8ffd3f1a,21130335
Xây dựng API xác thực người dùng (Backend),MAJOR,"<p>Phát triển các API backend để xử lý đăng ký, đăng nhập và tạo token.</p>",2025-03-04,2025-03-08,sprint3_project7,TODO,PRACTICE,Research-Android,21130335,21130304,Thiết kế endpoint - Xử lý logic xác thực,MEDIUM,3,project7,dea18fd8-488a-4ba4-ab67-465749cc8498,fe397364-f244-4936-a271-946a8ffd3f1a,21130335
Hiện thực chức năng đăng ký tài khoản,MAJOR,<p>Code giao diện và logic đăng ký tài khoản mới cho người dùng.</p>,2025-03-05,2025-03-08,sprint3_project7,TODO,PRACTICE,Android,21130304,21130309,Thiết kế form - Kết nối API,MEDIUM,3,project7,dea18fd8-488a-4ba4-ab67-465749cc8498,fe397364-f244-4936-a271-946a8ffd3f1a,21130335
Hiện thực chức năng cập nhật thông tin cá nhân,MAJOR,"<p>Cho phép người dùng xem và chỉnh sửa thông tin cá nhân (tên, địa chỉ, số điện thoại).</p>",2025-03-09,2025-03-15,sprint4_project7,INPROCESS,PRACTICE,Android,21130335,21130304,Thiết kế layout - Tích hợp API cập nhật,MEDIUM,4,project7,e3fcd8e9-d658-4bbe-bb8f-6bf08a593ad3,fe397364-f244-4936-a271-946a8ffd3f1a,21130335
Hiện thực chức năng đổi mật khẩu,MAJOR,<p>Code giao diện và logic để người dùng có thể đổi mật khẩu của mình.</p>,2025-03-10,2025-03-15,sprint4_project7,TODO,PRACTICE,Android,21130304,21130309,Thiết kế form - Gửi yêu cầu đổi mật khẩu,MEDIUM,4,project7,e3fcd8e9-d658-4bbe-bb8f-6bf08a593ad3,fe397364-f244-4936-a271-946a8ffd3f1a,21130335
Xây dựng API cho User Profile (Backend),MAJOR,<p>Phát triển API để lấy và cập nhật thông tin người dùng.</p>,2025-03-12,2025-03-15,sprint4_project7,TODO,PRACTICE,Research-Database,21130309,21130335,Thiết kế endpoint - Kết nối Database,MEDIUM,4,project7,e3fcd8e9-d658-4bbe-bb8f-6bf08a593ad3,fe397364-f244-4936-a271-946a8ffd3f1a,21130335
Hiện thực chức năng hiển thị danh sách sản phẩm,MAJOR,<p>Xây dựng màn hình hiển thị danh sách các loại thực phẩm với hình ảnh và giá.</p>,2025-03-16,2025-03-29,sprint5_project7,INPROCESS,PRACTICE,Android-Database,21130304,21130309,Thiết kế layout sản phẩm - Load dữ liệu từ API,MEDIUM,5,project7,d7111352-035f-46fa-9d96-85812f81b0f4,fe397364-f244-4936-a271-946a8ffd3f1a,21130335
Hiện thực chức năng xem chi tiết sản phẩm,MAJOR,<p>Cho phép người dùng xem thông tin chi tiết của từng sản phẩm thực phẩm.</p>,2025-03-18,2025-03-29,sprint5_project7,TODO,PRACTICE,Android-XML,21130309,21130335,Thiết kế layout chi tiết - Hiển thị mô tả,MEDIUM,5,project7,d7111352-035f-46fa-9d96-85812f81b0f4,fe397364-f244-4936-a271-946a8ffd3f1a,21130335
Hiện thực chức năng thêm sản phẩm vào giỏ hàng,MAJOR,<p>Code logic để người dùng có thể thêm sản phẩm vào giỏ hàng và cập nhật số lượng.</p>,2025-03-20,2025-03-29,sprint5_project7,TODO,PRACTICE,Android-Database,21130335,21130304,Quản lý trạng thái giỏ hàng - Lưu vào CSDL tạm,MEDIUM,5,project7,d7111352-035f-46fa-9d96-85812f81b0f4,fe397364-f244-4936-a271-946a8ffd3f1a,21130335
Xây dựng chức năng quản lý sản phẩm (Admin),MAJOR,"<p>Hiện thực giao diện và logic để quản lý các loại thực phẩm (thêm, sửa, xóa).</p>",2025-03-30,2025-04-12,sprint6_project7,INPROCESS,PRACTICE,Android-Database,21130309,21130335,Thiết kế trang Admin - Xử lý CRUD sản phẩm,MEDIUM,6,project7,9a767bf6-8caf-43d2-b1d2-2e00b54bd6a7,fe397364-f244-4936-a271-946a8ffd3f1a,21130335
Phát triển chức năng quản lý đơn hàng (Admin),MAJOR,<p>Cho phép quản trị viên xem và cập nhật trạng thái các đơn hàng.</p>,2025-04-02,2025-04-12,sprint6_project7,TODO,PRACTICE,Android-Database,21130335,21130304,Thiết kế bảng đơn hàng - Cập nhật trạng thái,MEDIUM,6,project7,9a767bf6-8caf-43d2-b1d2-2e00b54bd6a7,fe397364-f244-4936-a271-946a8ffd3f1a,21130335
Xây dựng chức năng quản lý cửa hàng (Admin),MAJOR,"<p>Cho phép quản trị viên thêm, sửa, xóa thông tin về các cửa hàng cung cấp thực phẩm.</p>",2025-04-05,2025-04-12,sprint6_project7,TODO,PRACTICE,Android-Database,21130304,21130309,Thiết kế form cửa hàng - Quản lý thông tin,MEDIUM,6,project7,9a767bf6-8caf-43d2-b1d2-2e00b54bd6a7,fe397364-f244-4936-a271-946a8ffd3f1a,21130335
Kiểm thử chức năng giỏ hàng và đặt hàng,MAJOR,"<p>Thực hiện kiểm thử để đảm bảo quy trình thêm vào giỏ, tạo đơn hàng hoạt động đúng.</p>",2025-04-13,2025-04-19,sprint7_project7,INPROCESS,PRACTICE,Android-Research,21130335,21130304,Lập test case - Thực hiện test,MEDIUM,7,project7,f4b01b71-8ab6-4291-8fee-135a8f7c0d94,fe397364-f244-4936-a271-946a8ffd3f1a,21130335
Kiểm thử và sửa lỗi giao diện người dùng,MAJOR,"<p>Kiểm tra tất cả các màn hình, đảm bảo giao diện hiển thị đúng và thân thiện.</p>",2025-04-15,2025-04-19,sprint7_project7,TODO,PRACTICE,Android-XML,21130304,21130309,Kiểm tra lỗi hiển thị - Điều chỉnh layout,MEDIUM,7,project7,f4b01b71-8ab6-4291-8fee-135a8f7c0d94,fe397364-f244-4936-a271-946a8ffd3f1a,21130335
Đóng gói ứng dụng để kiểm thử (APK),MAJOR,<p>Tạo file APK để có thể cài đặt và kiểm thử ứng dụng trên thiết bị thật.</p>,2025-04-16,2025-04-19,sprint7_project7,TODO,PRACTICE,Android,21130309,21130335,Generate signed APK - Cài đặt trên thiết bị,MEDIUM,7,project7,f4b01b71-8ab6-4291-8fee-135a8f7c0d94,fe397364-f244-4936-a271-946a8ffd3f1a,21130335
Chuẩn bị tài liệu hướng dẫn sử dụng,MAJOR,<p>Viết tài liệu hướng dẫn chi tiết cách sử dụng ứng dụng cho người dùng cuối.</p>,2025-04-20,2025-04-26,sprint8_project7,INPROCESS,THEORY,Document,21130304,21130309,Viết mô tả chức năng - Chụp ảnh màn hình,MEDIUM,8,project7,8b238fa2-6e02-47b0-8343-bd97d791ae65,fe397364-f244-4936-a271-946a8ffd3f1a,21130335
Hoàn thiện tài liệu thiết kế hệ thống,MAJOR,"<p>Tổng hợp và hoàn thiện các tài liệu thiết kế cơ sở dữ liệu, kiến trúc hệ thống.</p>",2025-04-21,2025-04-26,sprint8_project7,TODO,THEORY,Document-Database,21130309,21130335,Review ERD - Cập nhật tài liệu kỹ thuật,MEDIUM,8,project7,8b238fa2-6e02-47b0-8343-bd97d791ae65,fe397364-f244-4936-a271-946a8ffd3f1a,21130335
Hoàn thành báo cáo cuối kỳ,MAJOR,"<p>Tổng hợp các kết quả dự án, viết báo cáo và chuẩn bị slide thuyết trình.</p>",2025-04-23,2025-04-26,sprint8_project7,TODO,THEORY,Document,21130335,21130304,Viết tóm tắt dự án - Thiết kế slide,MEDIUM,8,project7,8b238fa2-6e02-47b0-8343-bd97d791ae65,fe397364-f244-4936-a271-946a8ffd3f1a,21130335
Khảo sát các ứng dụng đọc sách điện tử hiện có,MAJOR,<p>Nghiên cứu các ứng dụng Ebook phổ biến và tính năng đọc sách.</p>,2025-02-09,2025-02-13,sprint1_project8,DONE,THEORY,Research,20130224,20130225,Phân tích đối thủ - Đánh giá tính năng,MEDIUM,1,project8,c469d85a-a19c-4411-88ca-c0041af4f8e5,0190c488-bc7f-42f3-a707-20222209bf2b,20130224
Xác định yêu cầu chức năng cho ứng dụng đọc sách,MAJOR,"<p>Liệt kê các tính năng cần thiết (tìm kiếm, đánh dấu trang, tùy chỉnh hiển thị).</p>",2025-02-10,2025-02-14,sprint1_project8,DONE,THEORY,Document,20130225,21130042,Phỏng vấn người dùng - Tổng hợp yêu cầu,MEDIUM,1,project8,c469d85a-a19c-4411-88ca-c0041af4f8e5,0190c488-bc7f-42f3-a707-20222209bf2b,20130224
Thiết lập môi trường phát triển Android,MINOR,"<p>Cài đặt Android Studio, SDK và cấu hình project ban đầu.</p>",2025-02-11,2025-02-15,sprint1_project8,DONE,PRACTICE,Android,21130042,20130224,Cài đặt Android Studio - Khởi tạo project,LOW,1,project8,c469d85a-a19c-4411-88ca-c0041af4f8e5,0190c488-bc7f-42f3-a707-20222209bf2b,20130224
Tìm hiểu cách xây dựng giao diện hiển thị sách,MAJOR,"<p>Nghiên cứu TextView, ScrollView và các cách hiển thị nội dung dài.</p>",2025-02-16,2025-02-20,sprint2_project8,INPROCESS,THEORY,Android-XML,20130225,21130042,Đọc tài liệu View - Thực hành ví dụ,MEDIUM,2,project8,36524122-5b4b-47aa-8d46-d064c6cb28fd,0190c488-bc7f-42f3-a707-20222209bf2b,20130224
Thiết kế Prototype cho màn hình danh sách sách,MAJOR,<p>Xây dựng layout XML cho màn hình chính hiển thị danh sách các đầu sách.</p>,2025-02-23,2025-03-01,sprint2_project8,TODO,PRACTICE,XML-Android,21130042,20130224,Vẽ wireframe - Code XML,MEDIUM,2,project8,36524122-5b4b-47aa-8d46-d064c6cb28fd,0190c488-bc7f-42f3-a707-20222209bf2b,20130224
Phân tích thiết kế Database cho sách điện tử,MAJOR,"<p>Thiết kế cấu trúc CSDL để lưu trữ thông tin sách, tác giả, người dùng, tiến độ đọc.</p>",2025-02-25,2025-03-01,sprint2_project8,TODO,PRACTICE,Database-Document,20130224,20130225,Xác định bảng - Thiết lập mối quan hệ,MEDIUM,2,project8,36524122-5b4b-47aa-8d46-d064c6cb28fd,0190c488-bc7f-42f3-a707-20222209bf2b,20130224
Hiện thực màn hình đăng nhập,MAJOR,<p>Code giao diện và logic đăng nhập người dùng vào ứng dụng đọc sách.</p>,2025-03-02,2025-03-08,sprint3_project8,INPROCESS,PRACTICE,Android,21130042,20130224,Thiết kế layout - Xử lý input,MEDIUM,3,project8,dea18fd8-488a-4ba4-ab67-465749cc8498,0190c488-bc7f-42f3-a707-20222209bf2b,20130224
Xây dựng API xác thực người dùng (Backend),MAJOR,"<p>Phát triển các API backend để xử lý đăng ký, đăng nhập và tạo token.</p>",2025-03-04,2025-03-08,sprint3_project8,TODO,PRACTICE,Research-Android,20130224,20130225,Thiết kế endpoint - Xử lý logic xác thực,MEDIUM,3,project8,dea18fd8-488a-4ba4-ab67-465749cc8498,0190c488-bc7f-42f3-a707-20222209bf2b,20130224
Hiện thực chức năng đăng ký tài khoản,MAJOR,<p>Code giao diện và logic đăng ký tài khoản mới cho người dùng.</p>,2025-03-05,2025-03-08,sprint3_project8,TODO,PRACTICE,Android,20130225,21130042,Thiết kế form - Kết nối API,MEDIUM,3,project8,dea18fd8-488a-4ba4-ab67-465749cc8498,0190c488-bc7f-42f3-a707-20222209bf2b,20130224
Hiện thực chức năng cập nhật thông tin cá nhân,MAJOR,"<p>Cho phép người dùng xem và chỉnh sửa thông tin cá nhân (tên, email).</p>",2025-03-09,2025-03-15,sprint4_project8,INPROCESS,PRACTICE,Android,20130224,20130225,Thiết kế layout - Tích hợp API cập nhật,MEDIUM,4,project8,e3fcd8e9-d658-4bbe-bb8f-6bf08a593ad3,0190c488-bc7f-42f3-a707-20222209bf2b,20130224
Hiện thực chức năng đổi mật khẩu,MAJOR,<p>Code giao diện và logic để người dùng có thể đổi mật khẩu của mình.</p>,2025-03-10,2025-03-15,sprint4_project8,TODO,PRACTICE,Android,20130225,21130042,Thiết kế form - Gửi yêu cầu đổi mật khẩu,MEDIUM,4,project8,e3fcd8e9-d658-4bbe-bb8f-6bf08a593ad3,0190c488-bc7f-42f3-a707-20222209bf2b,20130224
Xây dựng API cho User Profile (Backend),MAJOR,<p>Phát triển API để lấy và cập nhật thông tin người dùng.</p>,2025-03-12,2025-03-15,sprint4_project8,TODO,PRACTICE,Research-Database,21130042,20130224,Thiết kế endpoint - Kết nối Database,MEDIUM,4,project8,e3fcd8e9-d658-4bbe-bb8f-6bf08a593ad3,0190c488-bc7f-42f3-a707-20222209bf2b,20130224
Hiện thực chức năng hiển thị danh sách sách,MAJOR,<p>Xây dựng màn hình hiển thị danh sách các đầu sách với hình ảnh bìa và tiêu đề.</p>,2025-03-16,2025-03-29,sprint5_project8,INPROCESS,PRACTICE,Android-Database,20130225,21130042,Thiết kế layout sách - Load dữ liệu từ API,MEDIUM,5,project8,d7111352-035f-46fa-9d96-85812f81b0f4,0190c488-bc7f-42f3-a707-20222209bf2b,20130224
Hiện thực chức năng đọc sách (hiển thị nội dung),MAJOR,<p>Code màn hình cho phép người dùng đọc nội dung sách đã chọn.</p>,2025-03-18,2025-03-29,sprint5_project8,TODO,PRACTICE,Android-XML,21130042,20130224,Thiết kế layout đọc sách - Hiển thị text,MEDIUM,5,project8,d7111352-035f-46fa-9d96-85812f81b0f4,0190c488-bc7f-42f3-a707-20222209bf2b,20130224
Hiện thực chức năng đánh dấu trang (bookmark),MAJOR,<p>Cho phép người dùng đánh dấu trang hiện tại để đọc tiếp sau.</p>,2025-03-20,2025-03-29,sprint5_project8,TODO,PRACTICE,Android-Database,20130224,20130225,Lưu vị trí đọc - Tải lại vị trí,MEDIUM,5,project8,d7111352-035f-46fa-9d96-85812f81b0f4,0190c488-bc7f-42f3-a707-20222209bf2b,20130224
Xây dựng chức năng quản lý sách (Admin),MAJOR,"<p>Hiện thực giao diện và logic để quản lý các đầu sách (thêm, sửa, xóa).</p>",2025-03-30,2025-04-12,sprint6_project8,INPROCESS,PRACTICE,Android-Database,21130042,20130224,Thiết kế trang Admin - Xử lý CRUD sách,MEDIUM,6,project8,9a767bf6-8caf-43d2-b1d2-2e00b54bd6a7,0190c488-bc7f-42f3-a707-20222209bf2b,20130224
Phát triển chức năng quản lý người dùng (Admin),MAJOR,<p>Cho phép quản trị viên xem và quản lý danh sách người dùng ứng dụng.</p>,2025-04-02,2025-04-12,sprint6_project8,TODO,PRACTICE,Android-Database,20130224,20130225,Thiết kế bảng người dùng - Cập nhật trạng thái,MEDIUM,6,project8,9a767bf6-8caf-43d2-b1d2-2e00b54bd6a7,0190c488-bc7f-42f3-a707-20222209bf2b,20130224
Xây dựng chức năng báo cáo hoạt động đọc sách (Admin),MAJOR,"<p>Tạo báo cáo thống kê về các sách được đọc nhiều, người dùng hoạt động.</p>",2025-04-05,2025-04-12,sprint6_project8,TODO,PRACTICE,Android-Database,20130225,21130042,Thiết kế biểu đồ - Tích hợp dữ liệu,MEDIUM,6,project8,9a767bf6-8caf-43d2-b1d2-2e00b54bd6a7,0190c488-bc7f-42f3-a707-20222209bf2b,20130224
Kiểm thử chức năng đọc sách và đánh dấu trang,MAJOR,<p>Thực hiện kiểm thử để đảm bảo người dùng có thể đọc sách và đánh dấu trang.</p>,2025-04-13,2025-04-19,sprint7_project8,INPROCESS,PRACTICE,Android-Research,20130224,20130225,Lập test case - Thực hiện test,MEDIUM,7,project8,f4b01b71-8ab6-4291-8fee-135a8f7c0d94,0190c488-bc7f-42f3-a707-20222209bf2b,20130224
Kiểm thử và sửa lỗi giao diện người dùng,MAJOR,"<p>Kiểm tra tất cả các màn hình, đảm bảo giao diện hiển thị đúng và thân thiện.</p>",2025-04-15,2025-04-19,sprint7_project8,TODO,PRACTICE,Android-XML,20130225,21130042,Kiểm tra lỗi hiển thị - Điều chỉnh layout,MEDIUM,7,project8,f4b01b71-8ab6-4291-8fee-135a8f7c0d94,0190c488-bc7f-42f3-a707-20222209bf2b,20130224
Đóng gói ứng dụng để kiểm thử (APK),MAJOR,<p>Tạo file APK để có thể cài đặt và kiểm thử ứng dụng trên thiết bị thật.</p>,2025-04-16,2025-04-19,sprint7_project8,TODO,PRACTICE,Android,21130042,20130224,Generate signed APK - Cài đặt trên thiết bị,MEDIUM,7,project8,f4b01b71-8ab6-4291-8fee-135a8f7c0d94,0190c488-bc7f-42f3-a707-20222209bf2b,20130224
Chuẩn bị tài liệu hướng dẫn sử dụng,MAJOR,<p>Viết tài liệu hướng dẫn chi tiết cách sử dụng ứng dụng cho người dùng cuối.</p>,2025-04-20,2025-04-26,sprint8_project8,INPROCESS,THEORY,Document,20130225,21130042,Viết mô tả chức năng - Chụp ảnh màn hình,MEDIUM,8,project8,8b238fa2-6e02-47b0-8343-bd97d791ae65,0190c488-bc7f-42f3-a707-20222209bf2b,20130224
Hoàn thiện tài liệu thiết kế hệ thống,MAJOR,"<p>Tổng hợp và hoàn thiện các tài liệu thiết kế cơ sở dữ liệu, kiến trúc hệ thống.</p>",2025-04-21,2025-04-26,sprint8_project8,TODO,THEORY,Document-Database,21130042,20130224,Review ERD - Cập nhật tài liệu kỹ thuật,MEDIUM,8,project8,8b238fa2-6e02-47b0-8343-bd97d791ae65,0190c488-bc7f-42f3-a707-20222209bf2b,20130224
Hoàn thành báo cáo cuối kỳ,MAJOR,"<p>Tổng hợp các kết quả dự án, viết báo cáo và chuẩn bị slide thuyết trình.</p>",2025-04-23,2025-04-26,sprint8_project8,TODO,THEORY,Document,20130224,20130225,Viết tóm tắt dự án - Thiết kế slide,MEDIUM,8,project8,8b238fa2-6e02-47b0-8343-bd97d791ae65,0190c488-bc7f-42f3-a707-20222209bf2b,20130224
Khảo sát các ứng dụng tìm việc làm hiện có,MAJOR,<p>Nghiên cứu các nền tảng tìm việc phổ biến và tính năng của chúng.</p>,2025-02-09,2025-02-13,sprint1_project9,DONE,THEORY,Research,21130359,21130386,Phân tích đối thủ - Đánh giá tính năng,MEDIUM,1,project9,c469d85a-a19c-4411-88ca-c0041af4f8e5,199f350b-14a1-4a26-ae3b-0cfbe1d35878,21130359
Xác định yêu cầu chức năng cho ứng dụng tìm việc,MAJOR,"<p>Liệt kê các tính năng cần thiết (tìm kiếm việc, nộp hồ sơ, theo dõi trạng thái).</p>",2025-02-10,2025-02-14,sprint1_project9,DONE,THEORY,Document,21130386,21130367,Phỏng vấn người dùng - Tổng hợp yêu cầu,MEDIUM,1,project9,c469d85a-a19c-4411-88ca-c0041af4f8e5,199f350b-14a1-4a26-ae3b-0cfbe1d35878,21130359
Thiết lập môi trường phát triển Android,MINOR,"<p>Cài đặt Android Studio, SDK và cấu hình project ban đầu.</p>",2025-02-11,2025-02-15,sprint1_project9,DONE,PRACTICE,Android,21130367,21130359,Cài đặt Android Studio - Khởi tạo project,LOW,1,project9,c469d85a-a19c-4411-88ca-c0041af4f8e5,199f350b-14a1-4a26-ae3b-0cfbe1d35878,21130359
Tìm hiểu cách xây dựng giao diện form phức tạp,MAJOR,"<p>Nghiên cứu các thành phần UI để tạo form ứng tuyển (EditText, Spinner, Checkbox).</p>",2025-02-16,2025-02-20,sprint2_project9,INPROCESS,THEORY,Android-XML,21130386,21130367,Đọc tài liệu Form - Thực hành ví dụ,MEDIUM,2,project9,36524122-5b4b-47aa-8d46-d064c6cb28fd,199f350b-14a1-4a26-ae3b-0cfbe1d35878,21130359
Thiết kế Prototype cho màn hình danh sách việc làm,MAJOR,<p>Xây dựng layout XML cho màn hình chính hiển thị danh sách các công việc.</p>,2025-02-23,2025-03-01,sprint2_project9,TODO,PRACTICE,XML-Android,21130367,21130359,Vẽ wireframe - Code XML,MEDIUM,2,project9,36524122-5b4b-47aa-8d46-d064c6cb28fd,199f350b-14a1-4a26-ae3b-0cfbe1d35878,21130359
Phân tích thiết kế Database cho tuyển dụng,MAJOR,"<p>Thiết kế cấu trúc CSDL để lưu trữ thông tin việc làm, công ty, ứng viên, hồ sơ.</p>",2025-02-25,2025-03-01,sprint2_project9,TODO,PRACTICE,Database-Document,21130359,21130386,Xác định bảng - Thiết lập mối quan hệ,MEDIUM,2,project9,36524122-5b4b-47aa-8d46-d064c6cb28fd,199f350b-14a1-4a26-ae3b-0cfbe1d35878,21130359
Hiện thực màn hình đăng nhập,MAJOR,<p>Code giao diện và logic đăng nhập người dùng vào ứng dụng tìm việc.</p>,2025-03-02,2025-03-08,sprint3_project9,INPROCESS,PRACTICE,Android,21130367,21130359,Thiết kế layout - Xử lý input,MEDIUM,3,project9,dea18fd8-488a-4ba4-ab67-465749cc8498,199f350b-14a1-4a26-ae3b-0cfbe1d35878,21130359
Xây dựng API xác thực người dùng (Backend),MAJOR,"<p>Phát triển các API backend để xử lý đăng ký, đăng nhập và tạo token.</p>",2025-03-04,2025-03-08,sprint3_project9,TODO,PRACTICE,Research-Android,21130359,21130386,Thiết kế endpoint - Xử lý logic xác thực,MEDIUM,3,project9,dea18fd8-488a-4ba4-ab67-465749cc8498,199f350b-14a1-4a26-ae3b-0cfbe1d35878,21130359
Hiện thực chức năng đăng ký tài khoản,MAJOR,<p>Code giao diện và logic đăng ký tài khoản mới cho người dùng.</p>,2025-03-05,2025-03-08,sprint3_project9,TODO,PRACTICE,Android,21130386,21130367,Thiết kế form - Kết nối API,MEDIUM,3,project9,dea18fd8-488a-4ba4-ab67-465749cc8498,199f350b-14a1-4a26-ae3b-0cfbe1d35878,21130359
Hiện thực chức năng cập nhật thông tin cá nhân/hồ sơ,MAJOR,<p>Cho phép người dùng xem và chỉnh sửa thông tin cá nhân và hồ sơ.</p>,2025-03-09,2025-03-15,sprint4_project9,INPROCESS,PRACTICE,Android,21130359,21130386,Thiết kế layout - Tích hợp API cập nhật,MEDIUM,4,project9,e3fcd8e9-d658-4bbe-bb8f-6bf08a593ad3,199f350b-14a1-4a26-ae3b-0cfbe1d35878,21130359
Hiện thực chức năng đổi mật khẩu,MAJOR,<p>Code giao diện và logic để người dùng có thể đổi mật khẩu của mình.</p>,2025-03-10,2025-03-15,sprint4_project9,TODO,PRACTICE,Android,21130386,21130367,Thiết kế form - Gửi yêu cầu đổi mật khẩu,MEDIUM,4,project9,e3fcd8e9-d658-4bbe-bb8f-6bf08a593ad3,199f350b-14a1-4a26-ae3b-0cfbe1d35878,21130359
Xây dựng API cho User Profile (Backend),MAJOR,<p>Phát triển API để lấy và cập nhật thông tin người dùng.</p>,2025-03-12,2025-03-15,sprint4_project9,TODO,PRACTICE,Research-Database,21130367,21130359,Thiết kế endpoint - Kết nối Database,MEDIUM,4,project9,e3fcd8e9-d658-4bbe-bb8f-6bf08a593ad3,199f350b-14a1-4a26-ae3b-0cfbe1d35878,21130359
Hiện thực chức năng hiển thị danh sách việc làm,MAJOR,<p>Xây dựng màn hình hiển thị danh sách các tin tuyển dụng.</p>,2025-03-16,2025-03-29,sprint5_project9,INPROCESS,PRACTICE,Android-Database,21130386,21130367,Thiết kế layout việc làm - Load dữ liệu từ API,MEDIUM,5,project9,d7111352-035f-46fa-9d96-85812f81b0f4,199f350b-14a1-4a26-ae3b-0cfbe1d35878,21130359
Hiện thực chức năng tìm kiếm và lọc việc làm,MAJOR,"<p>Cho phép người dùng tìm kiếm theo từ khóa, vị trí, ngành nghề.</p>",2025-03-18,2025-03-29,sprint5_project9,TODO,PRACTICE,Android,21130367,21130359,Thiết kế giao diện tìm kiếm - Xử lý bộ lọc,MEDIUM,5,project9,d7111352-035f-46fa-9d96-85812f81b0f4,199f350b-14a1-4a26-ae3b-0cfbe1d35878,21130359
Hiện thực chức năng nộp hồ sơ xin việc,MAJOR,<p>Code logic để người dùng có thể gửi hồ sơ ứng tuyển cho một vị trí.</p>,2025-03-20,2025-03-29,sprint5_project9,TODO,PRACTICE,Android-Database,21130359,21130386,Thiết kế form nộp hồ sơ - Gửi dữ liệu,MEDIUM,5,project9,d7111352-035f-46fa-9d96-85812f81b0f4,199f350b-14a1-4a26-ae3b-0cfbe1d35878,21130359
Xây dựng chức năng quản lý tin tuyển dụng (Admin),MAJOR,"<p>Hiện thực giao diện và logic để quản lý các tin tuyển dụng (thêm, sửa, xóa).</p>",2025-03-30,2025-04-12,sprint6_project9,INPROCESS,PRACTICE,Android-Database,21130367,21130359,Thiết kế trang Admin - Xử lý CRUD tin tuyển dụng,MEDIUM,6,project9,9a767bf6-8caf-43d2-b1d2-2e00b54bd6a7,199f350b-14a1-4a26-ae3b-0cfbe1d35878,21130359
Phát triển chức năng quản lý ứng viên (Admin),MAJOR,<p>Cho phép quản trị viên xem và quản lý danh sách hồ sơ ứng tuyển.</p>,2025-04-02,2025-04-12,sprint6_project9,TODO,PRACTICE,Android-Database,21130359,21130386,Thiết kế bảng ứng viên - Cập nhật trạng thái,MEDIUM,6,project9,9a767bf6-8caf-43d2-b1d2-2e00b54bd6a7,199f350b-14a1-4a26-ae3b-0cfbe1d35878,21130359
Xây dựng chức năng quản lý công ty (Admin),MAJOR,"<p>Cho phép quản trị viên thêm, sửa, xóa thông tin về các công ty đăng tuyển.</p>",2025-04-05,2025-04-12,sprint6_project9,TODO,PRACTICE,Android-Database,21130386,21130367,Thiết kế form công ty - Quản lý thông tin,MEDIUM,6,project9,9a767bf6-8caf-43d2-b1d2-2e00b54bd6a7,199f350b-14a1-4a26-ae3b-0cfbe1d35878,21130359
Kiểm thử chức năng tìm việc và nộp hồ sơ,MAJOR,<p>Thực hiện kiểm thử để đảm bảo quy trình tìm kiếm và nộp hồ sơ hoạt động đúng.</p>,2025-04-13,2025-04-19,sprint7_project9,INPROCESS,PRACTICE,Android-Research,21130359,21130386,Lập test case - Thực hiện test,MEDIUM,7,project9,f4b01b71-8ab6-4291-8fee-135a8f7c0d94,199f350b-14a1-4a26-ae3b-0cfbe1d35878,21130359
Kiểm thử và sửa lỗi giao diện người dùng,MAJOR,"<p>Kiểm tra tất cả các màn hình, đảm bảo giao diện hiển thị đúng và thân thiện.</p>",2025-04-15,2025-04-19,sprint7_project9,TODO,PRACTICE,Android-XML,21130386,21130367,Kiểm tra lỗi hiển thị - Điều chỉnh layout,MEDIUM,7,project9,f4b01b71-8ab6-4291-8fee-135a8f7c0d94,199f350b-14a1-4a26-ae3b-0cfbe1d35878,21130359
Đóng gói ứng dụng để kiểm thử (APK),MAJOR,<p>Tạo file APK để có thể cài đặt và kiểm thử ứng dụng trên thiết bị thật.</p>,2025-04-16,2025-04-19,sprint7_project9,TODO,PRACTICE,Android,21130367,21130359,Generate signed APK - Cài đặt trên thiết bị,MEDIUM,7,project9,f4b01b71-8ab6-4291-8fee-135a8f7c0d94,199f350b-14a1-4a26-ae3b-0cfbe1d35878,21130359
Chuẩn bị tài liệu hướng dẫn sử dụng,MAJOR,<p>Viết tài liệu hướng dẫn chi tiết cách sử dụng ứng dụng cho người dùng cuối.</p>,2025-04-20,2025-04-26,sprint8_project9,INPROCESS,THEORY,Document,21130386,21130367,Viết mô tả chức năng - Chụp ảnh màn hình,MEDIUM,8,project9,8b238fa2-6e02-47b0-8343-bd97d791ae65,199f350b-14a1-4a26-ae3b-0cfbe1d35878,21130359
Hoàn thiện tài liệu thiết kế hệ thống,MAJOR,"<p>Tổng hợp và hoàn thiện các tài liệu thiết kế cơ sở dữ liệu, kiến trúc hệ thống.</p>",2025-04-21,2025-04-26,sprint8_project9,TODO,THEORY,Document-Database,21130367,21130359,Review ERD - Cập nhật tài liệu kỹ thuật,MEDIUM,8,project9,8b238fa2-6e02-47b0-8343-bd97d791ae65,199f350b-14a1-4a26-ae3b-0cfbe1d35878,21130359
Hoàn thành báo cáo cuối kỳ,MAJOR,"<p>Tổng hợp các kết quả dự án, viết báo cáo và chuẩn bị slide thuyết trình.</p>",2025-04-23,2025-04-26,sprint8_project9,TODO,THEORY,Document,21130359,21130386,Viết tóm tắt dự án - Thiết kế slide,MEDIUM,8,project9,8b238fa2-6e02-47b0-8343-bd97d791ae65,199f350b-14a1-4a26-ae3b-0cfbe1d35878,21130359
Khảo sát các ứng dụng du lịch/hướng dẫn viên,MAJOR,<p>Nghiên cứu các ứng dụng du lịch phổ biến và tính năng nổi bật của chúng.</p>,2025-02-09,2025-02-13,sprint1_project10,DONE,THEORY,Research,21130371,21130390,Phân tích đối thủ - Đánh giá tính năng,MEDIUM,1,project10,c469d85a-a19c-4411-88ca-c0041af4f8e5,7074e283-36b7-46ab-870b-d63300257660,21130371
Xác định yêu cầu chức năng cho ứng dụng du lịch,MAJOR,"<p>Liệt kê các tính năng cần thiết (tìm địa điểm, gợi ý lịch trình, bản đồ).</p>",2025-02-10,2025-02-14,sprint1_project10,DONE,THEORY,Document,21130390,21130076,Phỏng vấn người dùng - Tổng hợp yêu cầu,MEDIUM,1,project10,c469d85a-a19c-4411-88ca-c0041af4f8e5,7074e283-36b7-46ab-870b-d63300257660,21130371
Thiết lập môi trường phát triển Android,MINOR,"<p>Cài đặt Android Studio, SDK và cấu hình project ban đầu.</p>",2025-02-11,2025-02-15,sprint1_project10,DONE,PRACTICE,Android,21130076,21130371,Cài đặt Android Studio - Khởi tạo project,LOW,1,project10,c469d85a-a19c-4411-88ca-c0041af4f8e5,7074e283-36b7-46ab-870b-d63300257660,21130371
Tìm hiểu các API về bản đồ và vị trí của Android,MAJOR,<p>Nghiên cứu cách tích hợp Google Maps SDK và Location API.</p>,2025-02-16,2025-02-20,sprint2_project10,INPROCESS,THEORY,Android-Research,21130390,21130076,Đọc tài liệu Google Maps API - Thực hành ví dụ,MEDIUM,2,project10,36524122-5b4b-47aa-8d46-d064c6cb28fd,7074e283-36b7-46ab-870b-d63300257660,21130371
Thiết kế Prototype cho màn hình Bản đồ & Địa điểm,MAJOR,<p>Xây dựng layout XML cho màn hình chính hiển thị bản đồ và các địa điểm nổi bật.</p>,2025-02-23,2025-03-01,sprint2_project10,TODO,PRACTICE,XML-Android,21130076,21130371,Vẽ wireframe - Code XML,MEDIUM,2,project10,36524122-5b4b-47aa-8d46-d064c6cb28fd,7074e283-36b7-46ab-870b-d63300257660,21130371
Phân tích thiết kế Database cho địa điểm du lịch,MAJOR,"<p>Thiết kế cấu trúc CSDL để lưu trữ thông tin địa điểm, review, lịch trình, người dùng.</p>",2025-02-25,2025-03-01,sprint2_project10,TODO,PRACTICE,Database-Document,21130371,21130390,Xác định bảng - Thiết lập mối quan hệ,MEDIUM,2,project10,36524122-5b4b-47aa-8d46-d064c6cb28fd,7074e283-36b7-46ab-870b-d63300257660,21130371
Hiện thực màn hình đăng nhập,MAJOR,<p>Code giao diện và logic đăng nhập người dùng vào ứng dụng du lịch.</p>,2025-03-02,2025-03-08,sprint3_project10,INPROCESS,PRACTICE,Android,21130076,21130371,Thiết kế layout - Xử lý input,MEDIUM,3,project10,dea18fd8-488a-4ba4-ab67-465749cc8498,7074e283-36b7-46ab-870b-d63300257660,21130371
Xây dựng API xác thực người dùng (Backend),MAJOR,"<p>Phát triển các API backend để xử lý đăng ký, đăng nhập và tạo token.</p>",2025-03-04,2025-03-08,sprint3_project10,TODO,PRACTICE,Research-Android,21130371,21130390,Thiết kế endpoint - Xử lý logic xác thực,MEDIUM,3,project10,dea18fd8-488a-4ba4-ab67-465749cc8498,7074e283-36b7-46ab-870b-d63300257660,21130371
Hiện thực chức năng đăng ký tài khoản,MAJOR,<p>Code giao diện và logic đăng ký tài khoản mới cho người dùng.</p>,2025-03-05,2025-03-08,sprint3_project10,TODO,PRACTICE,Android,21130390,21130076,Thiết kế form - Kết nối API,MEDIUM,3,project10,dea18fd8-488a-4ba4-ab67-465749cc8498,7074e283-36b7-46ab-870b-d63300257660,21130371
Hiện thực chức năng cập nhật thông tin cá nhân,MAJOR,"<p>Cho phép người dùng xem và chỉnh sửa thông tin cá nhân (tên, email, sở thích du lịch).</p>",2025-03-09,2025-03-15,sprint4_project10,INPROCESS,PRACTICE,Android,21130371,21130390,Thiết kế layout - Tích hợp API cập nhật,MEDIUM,4,project10,e3fcd8e9-d658-4bbe-bb8f-6bf08a593ad3,7074e283-36b7-46ab-870b-d63300257660,21130371
Hiện thực chức năng đổi mật khẩu,MAJOR,<p>Code giao diện và logic để người dùng có thể đổi mật khẩu của mình.</p>,2025-03-10,2025-03-15,sprint4_project10,TODO,PRACTICE,Android,21130390,21130076,Thiết kế form - Gửi yêu cầu đổi mật khẩu,MEDIUM,4,project10,e3fcd8e9-d658-4bbe-bb8f-6bf08a593ad3,7074e283-36b7-46ab-870b-d63300257660,21130371
Xây dựng API cho User Profile (Backend),MAJOR,<p>Phát triển API để lấy và cập nhật thông tin người dùng.</p>,2025-03-12,2025-03-15,sprint4_project10,TODO,PRACTICE,Research-Database,21130076,21130371,Thiết kế endpoint - Kết nối Database,MEDIUM,4,project10,e3fcd8e9-d658-4bbe-bb8f-6bf08a593ad3,7074e283-36b7-46ab-870b-d63300257660,21130371
Hiện thực chức năng hiển thị danh sách địa điểm du lịch,MAJOR,<p>Xây dựng màn hình hiển thị danh sách các địa điểm du lịch nổi bật.</p>,2025-03-16,2025-03-29,sprint5_project10,INPROCESS,PRACTICE,Android-Database,21130390,21130076,Thiết kế layout địa điểm - Load dữ liệu từ API,MEDIUM,5,project10,d7111352-035f-46fa-9d96-85812f81b0f4,7074e283-36b7-46ab-870b-d63300257660,21130371
Hiện thực chức năng xem chi tiết địa điểm,MAJOR,"<p>Cho phép người dùng xem thông tin chi tiết về địa điểm (mô tả, hình ảnh, review).</p>",2025-03-18,2025-03-29,sprint5_project10,TODO,PRACTICE,Android-XML,21130076,21130371,Thiết kế layout chi tiết - Hiển thị mô tả,MEDIUM,5,project10,d7111352-035f-46fa-9d96-85812f81b0f4,7074e283-36b7-46ab-870b-d63300257660,21130371
Hiện thực chức năng hiển thị bản đồ và tìm đường,MAJOR,<p>Tích hợp Google Maps để hiển thị vị trí địa điểm và tìm đường đi.</p>,2025-03-20,2025-03-29,sprint5_project10,TODO,PRACTICE,Android-Research,21130371,21130390,Tích hợp Google Maps SDK - Xử lý tọa độ,MEDIUM,5,project10,d7111352-035f-46fa-9d96-85812f81b0f4,7074e283-36b7-46ab-870b-d63300257660,21130371
Xây dựng chức năng quản lý địa điểm du lịch (Admin),MAJOR,"<p>Hiện thực giao diện và logic để quản lý các địa điểm (thêm, sửa, xóa).</p>",2025-03-30,2025-04-12,sprint6_project10,INPROCESS,PRACTICE,Android-Database,21130076,21130371,Thiết kế trang Admin - Xử lý CRUD địa điểm,MEDIUM,6,project10,9a767bf6-8caf-43d2-b1d2-2e00b54bd6a7,7074e283-36b7-46ab-870b-d63300257660,21130371
Phát triển chức năng quản lý review/đánh giá (Admin),MAJOR,<p>Cho phép quản trị viên xem và kiểm duyệt các đánh giá của người dùng.</p>,2025-04-02,2025-04-12,sprint6_project10,TODO,PRACTICE,Android-Database,21130371,21130390,Thiết kế bảng review - Cập nhật trạng thái,MEDIUM,6,project10,9a767bf6-8caf-43d2-b1d2-2e00b54bd6a7,7074e283-36b7-46ab-870b-d63300257660,21130371
Xây dựng chức năng quản lý lịch trình gợi ý (Admin),MAJOR,<p>Cho phép quản trị viên tạo và quản lý các lịch trình du lịch gợi ý.</p>,2025-04-05,2025-04-12,sprint6_project10,TODO,PRACTICE,Android-Database,21130390,21130076,Thiết kế form lịch trình - Quản lý thông tin,MEDIUM,6,project10,9a767bf6-8caf-43d2-b1d2-2e00b54bd6a7,7074e283-36b7-46ab-870b-d63300257660,21130371
Kiểm thử chức năng tìm địa điểm và bản đồ,MAJOR,<p>Thực hiện kiểm thử để đảm bảo tính năng tìm kiếm địa điểm và hiển thị bản đồ hoạt động đúng.</p>,2025-04-13,2025-04-19,sprint7_project10,INPROCESS,PRACTICE,Android-Research,21130371,21130390,Lập test case - Thực hiện test,MEDIUM,7,project10,f4b01b71-8ab6-4291-8fee-135a8f7c0d94,7074e283-36b7-46ab-870b-d63300257660,21130371
Kiểm thử và sửa lỗi giao diện người dùng,MAJOR,"<p>Kiểm tra tất cả các màn hình, đảm bảo giao diện hiển thị đúng và thân thiện.</p>",2025-04-15,2025-04-19,sprint7_project10,TODO,PRACTICE,Android-XML,21130390,21130076,Kiểm tra lỗi hiển thị - Điều chỉnh layout,MEDIUM,7,project10,f4b01b71-8ab6-4291-8fee-135a8f7c0d94,7074e283-36b7-46ab-870b-d63300257660,21130371
Đóng gói ứng dụng để kiểm thử (APK),MAJOR,<p>Tạo file APK để có thể cài đặt và kiểm thử ứng dụng trên thiết bị thật.</p>,2025-04-16,2025-04-19,sprint7_project10,TODO,PRACTICE,Android,21130076,21130371,Generate signed APK - Cài đặt trên thiết bị,MEDIUM,7,project10,f4b01b71-8ab6-4291-8fee-135a8f7c0d94,7074e283-36b7-46ab-870b-d63300257660,21130371
Chuẩn bị tài liệu hướng dẫn sử dụng,MAJOR,<p>Viết tài liệu hướng dẫn chi tiết cách sử dụng ứng dụng cho người dùng cuối.</p>,2025-04-20,2025-04-26,sprint8_project10,INPROCESS,THEORY,Document,21130390,21130076,Viết mô tả chức năng - Chụp ảnh màn hình,MEDIUM,8,project10,8b238fa2-6e02-47b0-8343-bd97d791ae65,7074e283-36b7-46ab-870b-d63300257660,21130371
Hoàn thiện tài liệu thiết kế hệ thống,MAJOR,"<p>Tổng hợp và hoàn thiện các tài liệu thiết kế cơ sở dữ liệu, kiến trúc hệ thống.</p>",2025-04-21,2025-04-26,sprint8_project10,TODO,THEORY,Document-Database,21130076,21130371,Review ERD - Cập nhật tài liệu kỹ thuật,MEDIUM,8,project10,8b238fa2-6e02-47b0-8343-bd97d791ae65,7074e283-36b7-46ab-870b-d63300257660,21130371
Hoàn thành báo cáo cuối kỳ,MAJOR,"<p>Tổng hợp các kết quả dự án, viết báo cáo và chuẩn bị slide thuyết trình.</p>",2025-04-23,2025-04-26,sprint8_project10,TODO,THEORY,Document,21130371,21130390,Viết tóm tắt dự án - Thiết kế slide,MEDIUM,8,project10,8b238fa2-6e02-47b0-8343-bd97d791ae65,7074e283-36b7-46ab-870b-d63300257660,21130371